movie_id,movie_rank,movie_title,movie_year,movie_rating,movie_runtime,movie_votes,movie_genres
tt7286456,1.,Joker,(2019),8.4,122 min,"1,181,805","Crime, Drama, Thriller"
tt4154796,2.,Avengers: Endgame,(2019),8.4,181 min,"1,041,926","Action, Adventure, Drama"
tt4154756,3.,Avengers: Infinity War,(2018),8.5,149 min,"1,005,682","Action, Adventure, Sci-Fi"
tt6751668,4.,Parasite,(2019),8.5,132 min,"737,328","Comedy, Drama, Horror"
tt1825683,5.,Black Panther,(2018),7.3,134 min,"717,526","Action, Adventure, Sci-Fi"
tt7131622,6.,Once Upon a Time... In Hollywood,(2019),7.6,161 min,"684,202","Comedy, Drama"
tt8946378,7.,Knives Out,(2019),7.9,130 min,"586,284","Comedy, Crime, Drama"
tt5463162,8.,Deadpool 2,(2018),7.7,119 min,"550,715","Action, Adventure, Comedy"
tt8579674,9.,1917,(2019),8.3,119 min,"545,807","Action, Drama, War"
tt4154664,10.,Captain Marvel,(2019),6.8,123 min,"529,545","Action, Adventure, Sci-Fi"
tt1727824,11.,Bohemian Rhapsody,(2018),7.9,134 min,"514,687","Biography, Drama, Music"
tt6644200,12.,A Quiet Place,(2018),7.5,90 min,"504,741","Drama, Horror, Sci-Fi"
tt4633694,13.,Spider-Man: Into the Spider-Verse,(2018),8.4,117 min,"485,411","Animation, Action, Adventure"
tt6723592,14.,Tenet,(2020),7.3,150 min,"464,301","Action, Sci-Fi, Thriller"
tt1270797,15.,Venom,(2018),6.6,112 min,"463,052","Action, Adventure, Sci-Fi"
tt6966692,16.,Green Book,(2018),8.2,130 min,"461,402","Biography, Comedy, Drama"
tt6320628,17.,Spider-Man: Far from Home,(2019),7.4,129 min,"458,008","Action, Adventure, Sci-Fi"
tt1477834,18.,Aquaman,(2018),6.8,143 min,"440,317","Action, Adventure, Fantasy"
tt2527338,19.,Star Wars: The Rise Of Skywalker,(2019),6.5,141 min,"427,412","Action, Adventure, Fantasy"
tt1677720,20.,Ready Player One,(2018),7.4,140 min,"419,347","Action, Adventure, Sci-Fi"
tt5095030,21.,Ant-Man and the Wasp,(2018),7,118 min,"376,110","Action, Adventure, Comedy"
tt1517451,22.,A Star Is Born,(2018),7.6,136 min,"372,007","Drama, Music, Romance"
tt1302006,23.,The Irishman,(2019),7.8,209 min,"370,398","Biography, Crime, Drama"
tt2584384,24.,Jojo Rabbit,(2019),7.9,108 min,"366,025","Comedy, Drama, War"
tt1950186,25.,Ford v Ferrari,(2019),8.1,152 min,"364,107","Action, Biography, Drama"
tt3778644,26.,Solo: A Star Wars Story,(2018),6.9,135 min,"329,599","Action, Adventure, Sci-Fi"
tt6146586,27.,John Wick: Chapter 3 - Parabellum,(2019),7.4,130 min,"324,901","Action, Crime, Thriller"
tt2737304,28.,Bird Box,(2018),6.6,124 min,"323,863","Horror, Sci-Fi"
tt4912910,29.,Mission: Impossible - Fallout,(2018),7.7,147 min,"320,080","Action, Adventure, Thriller"
tt0448115,30.,Shazam!,(2019),7,132 min,"316,521","Action, Adventure, Comedy"
tt2798920,31.,Annihilation,(2018),6.8,115 min,"312,055","Adventure, Drama, Horror"
tt8367814,32.,The Gentlemen,(2019),7.8,113 min,"310,604","Action, Comedy, Crime"
tt2948372,33.,Soul,(2020),8,100 min,"307,227","Animation, Adventure, Comedy"
tt4881806,34.,Jurassic World: Fallen Kingdom,(2018),6.2,128 min,"296,071","Action, Adventure, Sci-Fi"
tt7653254,35.,Marriage Story,(2019),7.9,137 min,"292,939","Drama, Romance"
tt7784604,36.,Hereditary,(2018),7.3,127 min,"290,154","Drama, Horror, Mystery"
tt3606756,37.,Incredibles 2,(2018),7.6,118 min,"284,048","Animation, Action, Adventure"
tt8772262,38.,Midsommar,(2019),7.1,148 min,"284,014","Drama, Horror, Mystery"
tt6857112,39.,Us,(2019),6.8,116 min,"273,622","Horror, Mystery, Thriller"
tt5727208,40.,Uncut Gems,(2019),7.4,135 min,"264,670","Crime, Drama, Thriller"
tt4123430,41.,Fantastic Beasts: The Crimes of Grindelwald,(2018),6.5,134 min,"262,078","Adventure, Family, Fantasy"
tt0437086,42.,Alita: Battle Angel,(2019),7.3,122 min,"258,428","Action, Adventure, Sci-Fi"
tt6139732,43.,Aladdin,(2019),6.9,128 min,"256,517","Adventure, Comedy, Family"
tt7349662,44.,BlacKkKlansman,(2018),7.5,135 min,"254,758","Biography, Comedy, Crime"
tt7126948,45.,Wonder Woman 1984,(2020),5.4,151 min,"253,154","Action, Adventure, Fantasy"
tt7349950,46.,It Chapter Two,(2019),6.5,169 min,"247,530","Drama, Fantasy, Horror"
tt1979376,47.,Toy Story 4,(2019),7.7,100 min,"237,042","Animation, Adventure, Comedy"
tt7975244,48.,Jumanji: The Next Level,(2019),6.7,123 min,"236,910","Action, Adventure, Comedy"
tt6105098,49.,The Lion King,(2019),6.8,118 min,"236,509","Animation, Adventure, Drama"
tt6823368,50.,Glass,(2019),6.6,129 min,"234,348","Drama, Horror, Sci-Fi"
tt2704998,51.,Game Night,(2018),6.9,100 min,"228,554","Action, Adventure, Comedy"
tt7713068,52.,Birds of Prey,(2020),6,109 min,"227,194","Action, Adventure, Comedy"
tt2935510,53.,Ad Astra,(2019),6.5,123 min,"226,332","Adventure, Drama, Mystery"
tt9243946,54.,El Camino: A Breaking Bad Movie,(2019),7.3,122 min,"221,886","Action, Crime, Drama"
tt1051906,55.,The Invisible Man,(2020),7.1,124 min,"215,075","Drama, Horror, Mystery"
tt5164214,56.,Ocean's Eight,(2018),6.3,110 min,"211,376","Action, Comedy, Crime"
tt1365519,57.,Tomb Raider,(2018),6.3,119 min,"209,947","Action, Adventure, Fantasy"
tt8228288,58.,The Platform,(2019),7,94 min,"206,679","Horror, Sci-Fi, Thriller"
tt8332922,59.,A Quiet Place Part II,(2020),7.2,97 min,"204,877","Drama, Horror, Sci-Fi"
tt6806448,60.,Fast & Furious Presents: Hobbs & Shaw,(2019),6.5,137 min,"204,765","Action, Adventure, Thriller"
tt7984734,61.,The Lighthouse,(2019),7.4,109 min,"197,640","Drama, Fantasy, History"
tt5083738,62.,The Favourite,(2018),7.5,119 min,"194,279","Biography, Comedy, Drama"
tt8936646,63.,Extraction,(2020),6.7,116 min,"191,389","Action, Thriller"
tt3281548,64.,Little Women,(2019),7.8,135 min,"189,892","Drama, Romance"
tt1213641,65.,First Man,(2018),7.3,141 min,"184,220","Biography, Drama, History"
tt2873282,66.,Red Sparrow,(2018),6.6,140 min,"182,170","Action, Drama, Thriller"
tt5606664,67.,Doctor Sleep,(2019),7.3,152 min,"181,763","Drama, Fantasy, Horror"
tt6499752,68.,Upgrade,(2018),7.5,100 min,"179,864","Action, Sci-Fi, Thriller"
tt6565702,69.,X-Men: Dark Phoenix,(2019),5.7,113 min,"179,861","Action, Adventure, Sci-Fi"
tt3741700,70.,Godzilla: King of the Monsters,(2019),6,132 min,"175,294","Action, Adventure, Fantasy"
tt1560220,71.,Zombieland: Double Tap,(2019),6.7,99 min,"171,474","Action, Comedy, Horror"
tt6450804,72.,Terminator: Dark Fate,(2019),6.2,128 min,"171,209","Action, Adventure, Sci-Fi"
tt1070874,73.,The Trial of the Chicago 7,(2020),7.7,129 min,"170,315","Drama, History, Thriller"
tt2066051,74.,Rocketman,(2019),7.3,121 min,"168,438","Biography, Drama, Musical"
tt8106534,75.,6 Underground,(2019),6.1,128 min,"168,063","Action, Thriller"
tt4779682,76.,The Meg,(2018),5.6,113 min,"166,499","Action, Horror, Sci-Fi"
tt3104988,77.,Crazy Rich Asians,(2018),6.9,120 min,"165,560","Comedy, Drama, Romance"
tt4520988,78.,Frozen II,(2019),6.8,103 min,"163,979","Animation, Adventure, Comedy"
tt5104604,79.,Isle of Dogs,(2018),7.8,101 min,"162,684","Animation, Adventure, Comedy"
tt2231461,80.,Rampage,(2018),6.1,107 min,"161,991","Action, Adventure, Sci-Fi"
tt7846844,81.,Enola Holmes,(2020),6.6,123 min,"160,375","Action, Adventure, Crime"
tt4701182,82.,Bumblebee,(2018),6.7,114 min,"158,986","Action, Adventure, Sci-Fi"
tt9620292,83.,Promising Young Woman,(2020),7.5,113 min,"158,900","Crime, Drama, Mystery"
tt7668870,84.,Searching,(2018),7.6,102 min,"158,705","Drama, Mystery, Thriller"
tt5884052,85.,Pokémon Detective Pikachu,(2019),6.5,104 min,"156,652","Action, Adventure, Comedy"
tt7556122,86.,The Old Guard,(2020),6.6,125 min,"156,471","Action, Adventure, Fantasy"
tt1502397,87.,Bad Boys for Life,(2020),6.5,124 min,"155,045","Action, Comedy, Crime"
tt6155172,88.,Roma,(2018),7.7,135 min,"154,289",Drama
tt3766354,89.,The Equalizer 2,(2018),6.7,121 min,"153,997","Action, Crime, Thriller"
tt5848272,90.,Ralph Breaks the Internet,(2018),7,112 min,"153,873","Animation, Adventure, Comedy"
tt9770150,91.,Nomadland,(2020),7.3,107 min,"149,896",Drama
tt9484998,92.,Palm Springs,(2020),7.4,90 min,"147,994","Comedy, Fantasy, Mystery"
tt8079248,93.,Yesterday,(2019),6.8,116 min,"147,803","Comedy, Fantasy, Music"
tt1502407,94.,Halloween,(2018),6.5,106 min,"144,976","Crime, Horror, Thriller"
tt7040874,95.,A Simple Favor,(2018),6.8,117 min,"144,860","Comedy, Crime, Mystery"
tt6628394,96.,Bad Times at the El Royale,(2018),7.1,141 min,"144,758","Crime, Drama, Mystery"
tt4566758,97.,Mulan,(2020),5.7,115 min,"143,470","Action, Adventure, Drama"
tt5052474,98.,Sicario: Day of the Soldado,(2018),7.1,122 min,"142,947","Action, Adventure, Crime"
tt6412452,99.,The Ballad of Buster Scruggs,(2018),7.3,133 min,"141,561","Comedy, Drama, Musical"
tt10288566,100.,Another Round,(2020),7.7,117 min,"141,515","Comedy, Drama"
tt6266538,101.,Vice,(2018),7.2,132 min,"141,343","Biography, Comedy, Drama"
tt4729430,102.,Klaus,(2019),8.1,96 min,"141,110","Animation, Adventure, Comedy"
tt7146812,103.,Onward,(2020),7.4,102 min,"140,424","Animation, Adventure, Comedy"
tt7798634,104.,Ready or Not,(2019),6.8,95 min,"139,942","Action, Comedy, Horror"
tt13143964,105.,Borat Subsequent Moviefilm,(2020),6.6,95 min,"136,301",Comedy
tt5814060,106.,The Nun,(2018),5.3,96 min,"136,038","Horror, Mystery, Thriller"
tt10272386,107.,The Father,(2020),8.3,97 min,"133,163","Drama, Mystery"
tt4500922,108.,Maze Runner: The Death Cure,(2018),6.2,143 min,"132,974","Action, Adventure, Sci-Fi"
tt7959026,109.,The Mule,(2018),7,116 min,"132,531","Crime, Drama, Thriller"
tt2283336,110.,Men in Black: International,(2019),5.6,114 min,"129,965","Action, Adventure, Comedy"
tt2854926,111.,Tag,(2018),6.5,100 min,"129,887","Action, Comedy"
tt8110330,112.,Dil Bechara,(2020),8.1,101 min,"128,393","Comedy, Drama, Romance"
tt9893250,113.,I Care a Lot,(2020),6.3,118 min,"127,465","Comedy, Crime, Drama"
tt7395114,114.,The Devil All the Time,(2020),7.1,138 min,"126,426","Crime, Drama, Thriller"
tt3829266,115.,The Predator,(2018),5.3,107 min,"126,300","Action, Adventure, Sci-Fi"
tt9495224,116.,Black Mirror: Bandersnatch,(2018),7.1,90 min,"123,935","Drama, Fantasy, Mystery"
tt1488606,117.,Triple Frontier,(2019),6.4,125 min,"123,882","Action, Adventure, Crime"
tt3794354,118.,Sonic the Hedgehog,(2020),6.5,99 min,"122,881","Action, Adventure, Comedy"
tt1571234,119.,Mortal Engines,(2018),6.1,128 min,"122,765","Action, Adventure, Fantasy"
tt2386490,120.,How to Train Your Dragon: The Hidden World,(2019),7.4,104 min,"122,504","Animation, Action, Adventure"
tt1618434,121.,Murder Mystery,(2019),6,97 min,"121,579","Action, Comedy, Crime"
tt7984766,122.,The King,(2019),7.3,140 min,"120,794","Biography, Drama, History"
tt8404614,123.,The Two Popes,(2019),7.6,125 min,"120,735","Biography, Comedy, Drama"
tt6343314,124.,Creed II,(2018),7.1,130 min,"120,476","Drama, Sport"
tt2222042,125.,Love and Monsters,(2020),6.9,109 min,"119,887","Action, Adventure, Comedy"
tt5758778,126.,Skyscraper,(2018),5.8,102 min,"119,518","Action, Adventure, Thriller"
tt5363618,127.,Sound of Metal,(2019),7.7,120 min,"118,397","Drama, Music"
tt5886046,128.,Escape Room,(2019),6.4,99 min,"116,475","Action, Adventure, Horror"
tt2557478,129.,Pacific Rim: Uprising,(2018),5.6,111 min,"114,983","Action, Adventure, Sci-Fi"
tt1590193,130.,The Commuter,(2018),6.3,104 min,"113,458","Action, Mystery, Thriller"
tt1489887,131.,Booksmart,(2019),7.1,102 min,"113,212",Comedy
tt1025100,132.,Gemini Man,(2019),5.7,117 min,"111,038","Action, Adventure, Sci-Fi"
tt6394270,133.,Bombshell,(2019),6.8,109 min,"110,907","Biography, Drama"
tt5164432,134.,"Love, Simon",(2018),7.5,110 min,"110,695","Comedy, Drama, Romance"
tt7737786,135.,Greenland,(2020),6.4,119 min,"110,561","Action, Drama, Sci-Fi"
tt10189514,136.,Soorarai Pottru,(2020),9.2,153 min,"109,714",Drama
tt2139881,137.,Long Shot,(2019),6.8,125 min,"108,121","Comedy, Romance"
tt1259528,138.,Den of Thieves,(2018),7,140 min,"107,193","Action, Crime, Drama"
tt7401588,139.,Instant Family,(2018),7.3,118 min,"103,765","Comedy, Drama"
tt8244784,140.,The Hunt,(2020),6.5,90 min,"103,255","Action, Horror, Thriller"
tt2548396,141.,The Cloverfield Paradox,(2018),5.5,102 min,"103,202","Action, Horror, Sci-Fi"
tt3846674,142.,To All the Boys I've Loved Before,(2018),7.1,99 min,"102,693","Comedy, Drama, Romance"
tt4777008,143.,Maleficent: Mistress of Evil,(2019),6.6,119 min,"100,848","Adventure, Family, Fantasy"
tt4530422,144.,Overlord,(2018),6.6,110 min,"96,481","Action, Horror, Sci-Fi"
tt5503686,145.,Hustlers,(2019),6.3,110 min,"96,187","Comedy, Crime, Drama"
tt4218572,146.,Widows,(2018),6.9,129 min,"95,710","Crime, Drama, Thriller"
tt7886848,147.,Sadak 2,(2020),1.1,133 min,"94,622","Action, Drama"
tt1206885,148.,Rambo: Last Blood,(2019),6.1,89 min,"94,406","Action, Thriller"
tt6189022,149.,Angel Has Fallen,(2019),6.4,121 min,"94,219","Action, Thriller"
tt7752126,150.,Brightburn,(2019),6.1,90 min,"94,155","Drama, Horror, Mystery"
tt6048922,151.,Greyhound,(2020),7,91 min,"92,316","Action, Drama, History"
tt6911608,152.,Mamma Mia! Here We Go Again,(2018),6.6,114 min,"91,840","Comedy, Musical, Romance"
tt2481498,153.,"Extremely Wicked, Shockingly Evil and Vile",(2019),6.7,110 min,"90,980","Biography, Crime, Drama"
tt8580274,154.,Eurovision Song Contest: The Story of Fire Saga,(2020),6.5,123 min,"90,921","Comedy, Musical"
tt0837563,155.,Pet Sematary,(2019),5.7,101 min,"90,756","Horror, Mystery, Thriller"
tt4364194,156.,The Peanut Butter Falcon,(2019),7.6,97 min,"89,083","Adventure, Comedy, Drama"
tt8108198,157.,Andhadhun,(2018),8.2,139 min,"88,826","Comedy, Crime, Music"
tt1860242,158.,The Highwaymen,(2019),6.9,132 min,"88,513","Biography, Crime, Drama"
tt6292852,159.,I Am Mother,(2019),6.7,113 min,"88,504","Drama, Mystery, Sci-Fi"
tt2274648,160.,Hellboy,(2019),5.2,120 min,"87,538","Action, Adventure, Fantasy"
tt4139588,161.,Polar,(2019),6.3,118 min,"86,889","Action, Crime, Drama"
tt5028340,162.,Mary Poppins Returns,(2018),6.7,130 min,"86,370","Adventure, Comedy, Family"
tt8503618,163.,Hamilton,(2020),8.4,160 min,"86,143","Biography, Drama, History"
tt8613070,164.,Portrait of a Lady on Fire,(2019),8.1,122 min,"85,323","Drama, Romance"
tt8629748,165.,Spenser Confidential,(2020),6.2,111 min,"85,154","Action, Drama, Mystery"
tt7550000,166.,Project Power,(2020),6,113 min,"84,878","Action, Crime, Sci-Fi"
tt8267604,167.,Capernaum,(2018),8.4,126 min,"84,054",Drama
tt6878306,168.,News of the World,(2020),6.8,118 min,"83,774","Action, Adventure, Drama"
tt9071322,169.,Dark Waters,(2019),7.6,126 min,"83,621","Biography, Drama, History"
tt3513548,170.,Richard Jewell,(2019),7.5,131 min,"83,106","Biography, Crime, Drama"
tt8364368,171.,Crawl,(2019),6.1,87 min,"81,907","Action, Adventure, Horror"
tt6924650,172.,Midway,(2019),6.7,138 min,"81,649","Action, Drama, History"
tt10539608,173.,The Midnight Sky,(2020),5.6,118 min,"81,491","Adventure, Drama, Sci-Fi"
tt3799232,174.,The Kissing Booth,(2018),6,105 min,"81,315","Comedy, Romance"
tt7939766,175.,I'm Thinking of Ending Things,(2020),6.6,134 min,"80,786","Drama, Thriller"
tt10554232,176.,Dara of Jasenovac,(2020),8.8,130 min,"80,601","Drama, War"
tt6513120,177.,Fighting with My Family,(2019),7.1,108 min,"79,220","Biography, Comedy, Drama"
tt5774060,178.,Underwater,(2020),5.8,95 min,"78,574","Action, Horror, Sci-Fi"
tt7456310,179.,Anna,(2019),6.6,118 min,"78,370","Action, Thriller"
tt2531344,180.,Blockers,(2018),6.2,102 min,"78,303",Comedy
tt1413492,181.,12 Strong,(2018),6.5,130 min,"77,694","Action, Drama, History"
tt4560436,182.,Mile 22,(2018),6.1,94 min,"77,651","Action, Thriller"
tt3224458,183.,A Beautiful Day in the Neighborhood,(2019),7.3,109 min,"76,452","Biography, Drama"
tt6663582,184.,The Spy Who Dumped Me,(2018),6,117 min,"76,292","Action, Adventure, Comedy"
tt10886166,185.,365 Days,(2020),3.4,114 min,"76,249","Drama, Romance"
tt4575576,186.,Christopher Robin,(2018),7.2,104 min,"75,897","Adventure, Comedy, Drama"
tt8623904,187.,Last Christmas,(2019),6.5,103 min,"75,710","Comedy, Drama, Fantasy"
tt1634106,188.,Bloodshot,(2020),5.7,109 min,"75,620","Action, Adventure, Sci-Fi"
tt8695030,189.,The Dead Don't Die,(2019),5.4,104 min,"75,352","Comedy, Fantasy, Horror"
tt5688932,190.,Sorry to Bother You,(2018),6.9,112 min,"75,341","Comedy, Drama, Fantasy"
tt6998518,191.,Mandy,(2018),6.5,121 min,"75,132","Action, Fantasy, Horror"
tt4682266,192.,The New Mutants,(2020),5.3,94 min,"74,228","Action, Horror, Mystery"
tt10633456,193.,Minari,(2020),7.5,115 min,"74,225",Drama
tt3861390,194.,Dumbo,(2019),6.3,112 min,"73,760","Adventure, Family, Fantasy"
tt7014006,195.,Eighth Grade,(2018),7.4,93 min,"73,706","Comedy, Drama"
tt3387520,196.,Scary Stories to Tell in the Dark,(2019),6.2,108 min,"73,586","Adventure, Horror, Mystery"
tt1034415,197.,Suspiria,(2018),6.7,152 min,"73,482","Drama, Fantasy, Horror"
tt8075192,198.,Shoplifters,(2018),7.9,121 min,"73,472","Crime, Drama"
tt10280276,199.,Coolie No. 1,(2020),4.2,134 min,"73,197","Action, Comedy, Romance"
tt6977338,200.,Good Boys,(2019),6.7,90 min,"72,347","Adventure, Comedy"
tt8350360,201.,Annabelle Comes Home,(2019),5.9,106 min,"72,197","Horror, Mystery, Thriller"
tt4003440,202.,The House That Jack Built,(2018),6.8,152 min,"72,173","Crime, Drama, Horror"
tt6921996,203.,Johnny English Strikes Again,(2018),6.2,89 min,"72,170","Action, Adventure, Comedy"
tt4532826,204.,Robin Hood,(2018),5.3,116 min,"72,140","Action, Adventure, Drama"
tt1226837,205.,Beautiful Boy,(2018),7.3,120 min,"71,332","Biography, Drama"
tt2990140,206.,The Christmas Chronicles,(2018),7,104 min,"71,325","Adventure, Comedy, Family"
tt1137450,207.,Death Wish,(2018),6.3,107 min,"71,272","Action, Crime, Drama"
tt10618286,208.,Mank,(2020),6.8,131 min,"71,215","Biography, Comedy, Drama"
tt8155288,209.,Happy Death Day 2U,(2019),6.2,100 min,"70,997","Comedy, Horror, Mystery"
tt5220122,210.,Hotel Transylvania 3: Summer Vacation,(2018),6.3,97 min,"70,890","Animation, Adventure, Comedy"
tt4332232,211.,Fractured,(2019),6.4,99 min,"70,610",Thriller
tt5033998,212.,Charlie's Angels,(2019),4.9,118 min,"70,368","Action, Adventure, Comedy"
tt6679794,213.,Outlaw King,(2018),6.9,121 min,"69,675","Action, Biography, Drama"
tt7838252,214.,K.G.F: Chapter 1,(2018),8.4,156 min,"69,448","Action, Crime, Drama"
tt2452244,215.,Isn't It Romantic,(2019),5.9,89 min,"68,570","Comedy, Fantasy, Musical"
tt8633478,216.,Run,(2020),6.7,90 min,"68,062","Mystery, Thriller"
tt2709692,217.,The Grinch,(2018),6.3,85 min,"67,792","Animation, Adventure, Comedy"
tt5719748,218.,Cold Pursuit,(2019),6.2,119 min,"67,511","Action, Comedy, Crime"
tt8359848,219.,Climax,(2018),6.9,97 min,"64,812","Drama, Horror, Music"
tt4916630,220.,Just Mercy,(2019),7.6,137 min,"64,291","Biography, Crime, Drama"
tt10059518,221.,Unhinged,(2020),6,90 min,"64,000","Action, Thriller"
tt6850820,222.,Peppermint,(2018),6.5,101 min,"63,985","Action, Thriller"
tt8688634,223.,21 Bridges,(2019),6.6,99 min,"63,940","Action, Thriller"
tt3513498,224.,The Lego Movie 2: The Second Part,(2019),6.6,107 min,"63,900","Animation, Action, Adventure"
tt4477536,225.,Fifty Shades Freed,(2018),4.5,105 min,"63,762","Drama, Romance, Thriller"
tt4971344,226.,The Sisters Brothers,(2018),6.9,122 min,"63,418","Crime, Drama, Western"
tt6133466,227.,The First Purge,(2018),5.2,97 min,"62,599","Action, Horror, Sci-Fi"
tt9866072,228.,Holidate,(2020),6.1,104 min,"62,378","Comedy, Romance"
tt7638348,229.,Boss Level,(2020),6.8,100 min,"62,258","Action, Mystery, Sci-Fi"
tt8637428,230.,The Farewell,(2019),7.5,100 min,"61,949","Comedy, Drama"
tt6673612,231.,Dolittle,(2020),5.6,101 min,"61,900","Adventure, Comedy, Family"
tt1846589,232.,Hunter Killer,(2018),6.6,121 min,"61,729","Action, Thriller"
tt7282468,233.,Burning,(2018),7.5,148 min,"61,596","Drama, Mystery, Thriller"
tt5461944,234.,Hotel Mumbai,(2018),7.6,123 min,"61,457","Action, Drama, History"
tt6472976,235.,Five Feet Apart,(2019),7.2,116 min,"61,442","Drama, Romance"
tt4244998,236.,Alpha,(2018),6.6,96 min,"61,424","Action, Adventure, Drama"
tt9686708,237.,The King of Staten Island,(2020),7.1,136 min,"61,294","Comedy, Drama"
tt5613484,238.,Mid90s,(2018),7.3,85 min,"61,211","Comedy, Drama"
tt2388771,239.,Mowgli: Legend of the Jungle,(2018),6.5,104 min,"61,088","Adventure, Drama, Fantasy"
tt5113040,240.,The Secret Life of Pets 2,(2019),6.4,86 min,"59,952","Animation, Adventure, Comedy"
tt7043012,241.,Velvet Buzzsaw,(2019),5.7,113 min,"59,858","Horror, Mystery, Thriller"
tt8526872,242.,Dolemite Is My Name,(2019),7.2,118 min,"59,790","Biography, Comedy, Drama"
tt5726086,243.,Insidious: The Last Key,(2018),5.7,103 min,"58,893","Horror, Mystery, Thriller"
tt8291224,244.,Uri: The Surgical Strike,(2019),8.3,138 min,"58,403","Action, Drama, History"
tt5610554,245.,Tully,(2018),6.9,95 min,"58,058","Comedy, Drama, Mystery"
tt6902676,246.,Guns Akimbo,(2019),6.3,98 min,"57,834","Action, Comedy, Crime"
tt3892172,247.,Leave No Trace,(2018),7.2,109 min,"57,737","Adventure, Drama"
tt1298644,248.,The Hustle,(2019),5.4,93 min,"57,398","Comedy, Crime"
tt6742252,249.,The Guilty,(2018),7.5,85 min,"57,145","Crime, Drama, Thriller"
tt10350922,250.,Laxmii,(2020),2.7,141 min,"56,707","Action, Comedy, Horror"
tt8291806,251.,Pain and Glory,(2019),7.5,113 min,"56,662",Drama
tt6543652,252.,Cold War,(2018),7.5,89 min,"55,601","Drama, History, Music"
tt0385887,253.,Motherless Brooklyn,(2019),6.8,144 min,"55,538","Crime, Drama, Mystery"
tt6475714,254.,Monster Hunter,(2020),5.2,103 min,"55,314","Action, Adventure, Fantasy"
tt7668842,255.,Enes Batur,(2018),4.7,110 min,"55,080",Comedy
tt6306064,256.,Adrift,(2018),6.6,96 min,"55,080","Action, Adventure, Biography"
tt7825208,257.,Marighella,(2019),6.6,155 min,"54,749","Action, Drama, History"
tt7374948,258.,Always Be My Maybe,(2019),6.8,101 min,"54,675","Comedy, Romance"
tt8368406,259.,Vivarium,(2019),5.8,97 min,"54,403","Horror, Mystery, Sci-Fi"
tt6772950,260.,Truth or Dare,(2018),5.2,100 min,"54,359","Horror, Thriller"
tt4687108,261.,In the Tall Grass,(2019),5.4,101 min,"54,255","Horror, Mystery, Sci-Fi"
tt8368512,262.,The Courier,(2020),7.2,112 min,"53,934","Drama, History, Thriller"
tt5968394,263.,Captive State,(2019),6,109 min,"53,834","Action, Horror, Sci-Fi"
tt10919380,264.,Freaky,(2020),6.3,102 min,"53,461","Comedy, Horror, Thriller"
tt6791096,265.,I Feel Pretty,(2018),5.6,110 min,"53,183","Comedy, Romance"
tt6908274,266.,Mirage,(2018),7.4,128 min,"53,101","Drama, Fantasy, Mystery"
tt6452574,267.,Sanju,(2018),7.8,155 min,"52,929","Biography, Comedy, Drama"
tt8784956,268.,Ava,(2020),5.4,96 min,"52,836","Action, Thriller"
tt5834262,269.,Hotel Artemis,(2018),6,94 min,"52,507","Action, Crime, Drama"
tt3201640,270.,Extinction,(2018),5.8,95 min,"52,120","Action, Drama, Sci-Fi"
tt4463894,271.,Shaft,(2019),6.4,111 min,"51,991","Action, Comedy, Crime"
tt7958736,272.,Ma,(2019),5.6,99 min,"51,976","Horror, Mystery, Thriller"
tt6398184,273.,Downton Abbey,(2019),7.4,122 min,"51,892","Drama, Romance"
tt4126476,274.,After,(2019),5.4,105 min,"51,846","Drama, Romance"
tt11032374,275.,Demon Slayer the Movie: Mugen Train,(2020),8.2,117 min,"51,593","Animation, Action, Adventure"
tt4595882,276.,Can You Ever Forgive Me?,(2018),7.1,106 min,"51,377","Biography, Comedy, Crime"
tt6820256,277.,Arctic,(2018),6.8,98 min,"51,039","Adventure, Drama"
tt6217306,278.,Apostle,(2018),6.3,130 min,"50,949","Drama, Fantasy, Horror"
tt8110640,279.,In the Shadow of the Moon,(2019),6.2,115 min,"50,846","Crime, Mystery, Sci-Fi"
tt2119543,280.,The House with a Clock in Its Walls,(2018),6,105 min,"50,840","Comedy, Family, Fantasy"
tt5246700,281.,How It Ends,(2018),5,113 min,"50,790","Action, Drama, Mystery"
tt8663516,282.,Child's Play,(2019),5.7,90 min,"50,610","Drama, Horror, Sci-Fi"
tt5304992,283.,Set It Up,(2018),6.5,105 min,"50,373","Comedy, Romance"
tt10514222,284.,Ma Rainey's Black Bottom,(2020),6.9,94 min,"50,255","Drama, Music"
tt9777644,285.,Da 5 Bloods,(2020),6.5,154 min,"50,133","Adventure, Drama, War"
tt5865326,286.,The Laundromat,(2019),6.3,96 min,"49,984","Comedy, Crime, Drama"
tt5697572,287.,Cats,(2019),2.8,110 min,"49,838","Comedy, Drama, Family"
tt0983946,288.,Fantasy Island,(2020),4.9,109 min,"49,736","Fantasy, Horror, Mystery"
tt9052870,289.,Chhichhore,(2019),8.3,143 min,"49,627","Comedy, Drama, Romance"
tt7549996,290.,Judy,(2019),6.8,118 min,"49,378","Biography, Drama, Romance"
tt2328900,291.,Mary Queen of Scots,(2018),6.3,124 min,"49,206","Biography, Drama, History"
tt9214832,292.,Emma.,(2020),6.7,124 min,"48,568","Comedy, Drama, Romance"
tt4913966,293.,The Curse of La Llorona,(2019),5.2,93 min,"48,379","Horror, Mystery, Thriller"
tt5783956,294.,When We First Met,(2018),6.4,97 min,"48,138","Comedy, Fantasy, Romance"
tt1838556,295.,Honest Thief,(2020),6,99 min,"47,995","Action, Crime, Drama"
tt7125860,296.,If Beale Street Could Talk,(2018),7.1,119 min,"47,970","Drama, Romance"
tt11161474,297.,Pieces of a Woman,(2020),7,126 min,"47,770",Drama
tt10682266,298.,Hubie Halloween,(2020),5.2,103 min,"47,569","Comedy, Mystery"
tt0800325,299.,The Dirt,(2019),7,107 min,"47,433","Biography, Comedy, Drama"
tt7504726,300.,The Call of the Wild,(2020),6.7,100 min,"47,242","Adventure, Drama, Family"
tt5177088,301.,The Girl in the Spider's Web,(2018),6.1,115 min,"46,973","Action, Crime, Drama"
tt6079516,302.,I See You,(2019),6.8,98 min,"46,874","Crime, Drama, Horror"
tt5116302,303.,Togo,(2019),7.9,113 min,"46,772","Adventure, Biography, Drama"
tt10431500,304.,Miracle in Cell No. 7,(2019),8.2,132 min,"46,769",Drama
tt5814534,305.,Spies in Disguise,(2019),6.8,102 min,"46,426","Animation, Action, Adventure"
tt7734218,306.,Stuber,(2019),6.1,93 min,"46,422","Action, Comedy, Crime"
tt7431594,307.,Race 3,(2018),2.1,160 min,"45,949","Action, Crime, Thriller"
tt5431890,308.,Official Secrets,(2019),7.3,112 min,"45,764","Biography, Crime, Drama"
tt7153766,309.,Unsane,(2018),6.4,98 min,"45,495","Drama, Horror, Mystery"
tt5073642,310.,Color Out of Space,(2019),6.1,111 min,"45,042","Horror, Mystery, Sci-Fi"
tt2837574,311.,The Old Man & the Gun,(2018),6.7,93 min,"45,042","Biography, Comedy, Crime"
tt6491178,312.,Dragged Across Concrete,(2018),6.9,159 min,"44,822","Action, Crime, Drama"
tt1289403,313.,The Guernsey Literary and Potato Peel Pie Society,(2018),7.3,124 min,"44,776","Drama, Romance, War"
tt11655202,314.,Riders of Justice,(2020),7.5,116 min,"44,590","Action, Comedy, Drama"
tt1620680,315.,A Wrinkle in Time,(2018),4.2,109 min,"44,398","Adventure, Family, Fantasy"
tt7347846,316.,The Lodge,(2019),6,108 min,"44,377","Drama, Horror, Mystery"
tt5932728,317.,The Professor and the Madman,(2019),7.2,124 min,"44,353","Biography, Drama, History"
tt1086064,318.,Bill & Ted Face the Music,(2020),5.9,91 min,"44,349","Adventure, Comedy, Music"
tt8544498,319.,The Way Back,(2020),6.7,108 min,"44,168","Drama, Sport"
tt7315484,320.,The Silence,(2019),5.3,90 min,"44,071","Drama, Horror, Sci-Fi"
tt6212478,321.,American Animals,(2018),7,116 min,"43,833","Biography, Crime, Drama"
tt5397194,322.,Anon,(2018),6.1,100 min,"43,355","Crime, Sci-Fi, Thriller"
tt7139936,323.,A Rainy Day in New York,(2019),6.5,92 min,"41,876","Comedy, Romance"
tt7772580,324.,The Perfection,(2018),6.1,90 min,"41,869","Drama, Horror, Music"
tt5117670,325.,Peter Rabbit,(2018),6.6,95 min,"41,814","Animation, Adventure, Comedy"
tt7985648,326.,The Legend of Tomiris,(2019),6.3,156 min,"41,802","Action, Drama, History"
tt8236336,327.,The Report,(2019),7.2,119 min,"41,580","Biography, Crime, Drama"
tt8239946,328.,Tumbbad,(2018),8.2,104 min,"41,324","Drama, Fantasy, Horror"
tt9731534,329.,The Night House,(2020),6.5,107 min,"41,299","Horror, Mystery, Thriller"
tt5208252,330.,Operation Finale,(2018),6.6,122 min,"41,247","Biography, Drama, History"
tt6772802,331.,Hillbilly Elegy,(2020),6.7,116 min,"41,043",Drama
tt5691670,332.,Under the Silver Lake,(2018),6.5,139 min,"40,730","Crime, Drama, Mystery"
tt2235695,333.,Rebecca,(2020),6,123 min,"40,431","Drama, Mystery, Romance"
tt6476140,334.,Serenity,(2019),5.3,106 min,"40,393","Drama, Mystery, Thriller"
tt2850386,335.,The Croods: A New Age,(2020),6.9,95 min,"40,079","Animation, Adventure, Comedy"
tt6781982,336.,Night School,(2018),5.6,111 min,"40,021",Comedy
tt5563334,337.,The Good Liar,(2019),6.7,109 min,"39,599","Crime, Drama, Mystery"
tt3361792,338.,Tolkien,(2019),6.8,112 min,"39,294","Biography, Drama, Romance"
tt8206668,339.,Bad Education,(2019),7.1,108 min,"39,212","Biography, Comedy, Crime"
tt5774450,340.,Summer of 84,(2018),6.7,105 min,"39,192","Drama, Horror, Mystery"
tt7060344,341.,Raatchasan,(2018),8.4,170 min,"39,134","Crime, Drama, Mystery"
tt6259380,342.,Code 8,(2019),6.1,98 min,"39,121","Action, Crime, Drama"
tt8508734,343.,His House,(2020),6.5,93 min,"38,702","Drama, Horror, Thriller"
tt6182908,344.,Smallfoot,(2018),6.6,96 min,"38,679","Animation, Adventure, Comedy"
tt3120280,345.,Sierra Burgess Is a Loser,(2018),5.8,105 min,"38,471","Comedy, Drama, Romance"
tt9619798,346.,The Wrong Missy,(2020),5.7,90 min,"38,459","Comedy, Romance"
tt8201170,347.,The Perfect Date,(2019),5.8,89 min,"38,130","Comedy, Romance"
tt0805647,348.,The Witches,(2020),5.3,106 min,"38,063","Adventure, Comedy, Family"
tt7212754,349.,Ludo,(2020),7.6,150 min,"38,053","Action, Comedy, Crime"
tt2395469,350.,Gully Boy,(2019),8,154 min,"38,045","Drama, Music, Romance"
tt1563742,351.,Overboard,(2018),6,112 min,"37,913","Comedy, Romance"
tt7008872,352.,Boy Erased,(2018),6.9,115 min,"37,803","Biography, Drama"
tt4154916,353.,Replicas,(2018),5.4,107 min,"37,786","Drama, Sci-Fi, Thriller"
tt6803046,354.,The Vast of Night,(2019),6.7,91 min,"37,649","Drama, Mystery, Sci-Fi"
tt1620981,355.,The Addams Family,(2019),5.8,86 min,"37,387","Animation, Comedy, Family"
tt6324278,356.,Abominable,(2019),7,97 min,"37,315","Animation, Adventure, Comedy"
tt11024272,357.,The Babysitter: Killer Queen,(2020),5.8,101 min,"37,148","Comedy, Horror"
tt8522006,358.,Happiest Season,(2020),6.6,102 min,"37,088","Comedy, Crime, Drama"
tt10620868,359.,#Alive,(2020),6.3,98 min,"36,963","Action, Drama, Horror"
tt9354842,360.,To All the Boys: P.S. I Still Love You,(2020),6,101 min,"36,945","Comedy, Drama, Romance"
tt3385524,361.,Stan & Ollie,(2018),7.2,98 min,"36,798","Biography, Comedy, Drama"
tt5619332,362.,Life of the Party,(2018),5.5,105 min,"36,787",Comedy
tt5057140,363.,Hold the Dark,(2018),5.6,125 min,"36,689","Action, Drama, Thriller"
tt4537896,364.,White Boy Rick,(2018),6.5,111 min,"36,587","Crime, Drama"
tt7339248,365.,The Art of Self-Defense,(2019),6.6,104 min,"36,586","Action, Comedy, Crime"
tt7533152,366.,The Boy Who Harnessed the Wind,(2019),7.6,113 min,"36,570","Biography, Drama, History"
tt9426210,367.,Weathering with You,(2019),7.5,112 min,"36,403","Animation, Drama, Fantasy"
tt6107548,368.,Late Night,(2019),6.5,102 min,"36,390","Comedy, Drama"
tt10039344,369.,Countdown,(2019),5.4,90 min,"36,068","Horror, Thriller"
tt8151874,370.,Honey Boy,(2019),7.2,94 min,"35,981",Drama
tt6697582,371.,Arif V 216,(2018),7.1,125 min,"35,975","Comedy, Fantasy, Music"
tt1255919,372.,Holmes & Watson,(2018),3.9,90 min,"35,879","Comedy, Crime, Mystery"
tt5580266,373.,The Hate U Give,(2018),7.4,133 min,"35,444","Crime, Drama"
tt5001754,374.,Braven,(2018),5.9,94 min,"35,375","Action, Thriller"
tt9683478,375.,The Half of It,(2020),6.9,104 min,"35,357","Comedy, Drama, Romance"
tt1464763,376.,Mute,(2018),5.4,126 min,"34,720","Mystery, Sci-Fi, Thriller"
tt4827558,377.,High Life,(2018),5.8,113 min,"34,443","Adventure, Drama, Horror"
tt10350626,378.,Gunjan Saxena: The Kargil Girl,(2020),5.7,112 min,"34,407","Action, Biography, Drama"
tt5797184,379.,Escape from Pretoria,(2020),6.8,106 min,"34,393","Crime, Mystery, Thriller"
tt5294518,380.,Eli,(2019),5.8,98 min,"34,386","Drama, Horror, Mystery"
tt6938828,381.,At Eternity's Gate,(2018),6.9,111 min,"34,023","Biography, Drama, History"
tt4964788,382.,Everybody Knows,(2018),6.9,133 min,"33,953","Crime, Drama, Mystery"
tt7608028,383.,The Open House,(2018),3.2,94 min,"33,929","Horror, Thriller"
tt3256226,384.,IO,(2019),4.7,96 min,"33,894","Adventure, Drama, Sci-Fi"
tt8781414,385.,Freaks,(2018),6.7,105 min,"33,877","Drama, Mystery, Sci-Fi"
tt1833116,386.,The Informer,(2019),6.6,113 min,"33,819","Crime, Drama, Thriller"
tt4669788,387.,On the Basis of Sex,(2018),7.1,120 min,"33,621","Biography, Drama"
tt1072748,388.,Winchester,(2018),5.4,99 min,"33,573","Drama, Fantasy, Horror"
tt7725596,389.,Badhaai Ho,(2018),8,124 min,"33,398","Comedy, Drama"
tt5690360,390.,Slender Man,(2018),3.2,93 min,"33,284","Horror, Mystery, Thriller"
tt7280898,391.,22 July,(2018),6.8,143 min,"33,171","Crime, Drama, History"
tt4878482,392.,Dumplin',(2018),6.5,110 min,"33,136","Comedy, Drama"
tt8108202,393.,Stree,(2018),7.6,128 min,"33,009","Comedy, Horror"
tt5523010,394.,The Nutcracker and the Four Realms,(2018),5.5,99 min,"32,976","Adventure, Family, Fantasy"
tt2639336,395.,Greta,(2018),6,98 min,"32,894","Drama, Mystery, Thriller"
tt5918982,396.,Possessor,(2020),6.5,103 min,"32,882","Horror, Mystery, Sci-Fi"
tt10964430,397.,Thappad,(2020),7.3,142 min,"32,636",Drama
tt6802308,398.,The 15:17 to Paris,(2018),5.3,94 min,"32,633","Biography, Drama, Thriller"
tt7557108,399.,Saint Maud,(2019),6.7,84 min,"32,521","Drama, Horror, Mystery"
tt6141246,400.,The Aeronauts,(2019),6.6,100 min,"32,410","Action, Adventure, Drama"
tt10324144,401.,Article 15,(2019),8.2,130 min,"32,320","Crime, Drama, Mystery"
tt4761916,402.,Unfriended: Dark Web,(2018),6,92 min,"32,073","Horror, Mystery, Thriller"
tt8108268,403.,The Tashkent Files,(2019),8.5,134 min,"31,988","Drama, Mystery, Thriller"
tt9806192,404.,I Lost My Body,(2019),7.5,81 min,"31,809","Animation, Drama, Fantasy"
tt3833480,405.,The Outpost,(2019),6.8,123 min,"31,693","Action, Drama, History"
tt4073790,406.,The Darkest Minds,(2018),5.7,104 min,"31,688","Action, Adventure, Drama"
tt9398640,407.,Between Two Ferns: The Movie,(2019),6.1,82 min,"31,482",Comedy
tt8633462,408.,"Quo Vadis, Aida?",(2020),8.1,101 min,"31,473","Drama, History, War"
tt6513656,409.,Escape Plan 2: Hades,(2018),3.8,96 min,"31,323","Action, Crime, Mystery"
tt8983202,410.,Kabir Singh,(2019),7.1,173 min,"31,276","Action, Drama, Romance"
tt5935704,411.,Padmaavat,(2018),7.1,164 min,"31,254","Drama, History, Romance"
tt10612922,412.,One Night in Miami...,(2020),7.1,114 min,"31,189",Drama
tt8850222,413.,Peninsula,(2020),5.5,116 min,"31,118","Action, Horror, Thriller"
tt2076298,414.,Ip Man 4: The Finale,(2019),7,107 min,"31,033","Action, Biography, Drama"
tt9606374,415.,On the Rocks,(2020),6.4,96 min,"31,018","Comedy, Drama, Romance"
tt8361028,416.,Cam,(2018),5.9,94 min,"30,988","Drama, Horror, Mystery"
tt4986098,417.,The Titan,(2018),4.8,97 min,"30,969","Drama, Mystery, Romance"
tt4357394,418.,Tau,(2018),5.8,97 min,"30,829","Sci-Fi, Thriller"
tt7721800,419.,Bharat,(2019),5,150 min,"30,596","Action, Comedy, Drama"
tt8722346,420.,Queen & Slim,(2019),7.1,132 min,"30,547","Crime, Drama, Romance"
tt1285009,421.,The Strangers: Prey at Night,(2018),5.2,85 min,"30,491",Horror
tt7242142,422.,Blindspotting,(2018),7.4,95 min,"30,402","Comedy, Crime, Drama"
tt6865690,423.,The Professor,(2018),6.7,90 min,"30,396","Comedy, Drama"
tt6195094,424.,Incident in a Ghostland,(2018),6.4,91 min,"30,168","Drama, Horror, Mystery"
tt9196192,425.,Cuties,(2020),3.4,96 min,"30,149",Drama
tt9784456,426.,The Kissing Booth 2,(2020),5.7,134 min,"30,100","Comedy, Romance"
tt5198068,427.,Wolfwalkers,(2020),8,103 min,"30,085","Animation, Adventure, Family"
tt1478839,428.,The Art of Racing in the Rain,(2019),7.5,109 min,"30,053","Comedy, Drama, Romance"
tt7547410,429.,Dora and the Lost City of Gold,(2019),6.1,102 min,"29,995","Action, Adventure, Comedy"
tt7605074,430.,The Wandering Earth,(2019),5.9,125 min,"29,983","Action, Adventure, Sci-Fi"
tt9086228,431.,Gretel & Hansel,(2020),5.4,87 min,"29,908","Fantasy, Horror, Mystery"
tt4799066,432.,Midnight Sun,(2018),6.6,91 min,"29,896","Drama, Romance"
tt7098658,433.,Raazi,(2018),7.8,138 min,"29,818","Action, Drama, Thriller"
tt7485048,434.,Super 30,(2019),8,154 min,"29,776","Biography, Drama"
tt3317234,435.,"Game Over, Man!",(2018),5.4,101 min,"29,714","Action, Comedy"
tt3721964,436.,Gringo,(2018),6.1,111 min,"29,681","Action, Comedy, Crime"
tt8242084,437.,My Spy,(2020),6.3,99 min,"29,465","Action, Comedy"
tt10530176,438.,The Call,(2020),7.1,112 min,"29,433","Crime, Horror, Mystery"
tt3907584,439.,All the Bright Places,(2020),6.5,107 min,"29,394","Drama, Romance"
tt10362466,440.,After We Collided,(2020),5.2,105 min,"29,322","Drama, Romance"
tt11057644,441.,The Christmas Chronicles: Part Two,(2020),6,112 min,"29,233","Adventure, Comedy, Family"
tt7137380,442.,Destroyer,(2018),6.2,121 min,"28,957","Action, Crime, Drama"
tt6987770,443.,Destination Wedding,(2018),6,87 min,"28,866","Comedy, Drama, Romance"
tt5501104,444.,Border,(2018),7,110 min,"28,817","Crime, Drama, Fantasy"
tt4068576,445.,The Nightingale,(2018),7.3,136 min,"28,734","Adventure, Drama, Thriller"
tt10003008,446.,The Rental,(2020),5.7,88 min,"28,629","Drama, Horror, Mystery"
tt8108274,447.,Tanhaji: The Unsung Warrior,(2020),7.6,135 min,"28,537","Action, Biography, Drama"
tt9016974,448.,Synchronic,(2019),6.2,102 min,"28,485","Drama, Horror, Mystery"
tt4995776,449.,The Red Sea Diving Resort,(2019),6.6,129 min,"28,483","Drama, History, Thriller"
tt7019842,450.,96,(2018),8.5,158 min,"28,434","Drama, Romance"
tt5929754,451.,Wildlife,(2018),6.8,105 min,"28,320",Drama
tt6218358,452.,Calibre,(2018),6.8,101 min,"27,993","Drama, Thriller"
tt6095472,453.,The Angry Birds Movie 2,(2019),6.4,97 min,"27,939","Animation, Action, Adventure"
tt6436726,454.,7500,(2019),6.3,93 min,"27,884","Action, Drama, Thriller"
tt6857166,455.,Book Club,(2018),6.1,104 min,"27,781","Comedy, Drama, Romance"
tt1308728,456.,The Happytime Murders,(2018),5.4,91 min,"27,690","Action, Comedy, Crime"
tt8954732,457.,The Princess Switch,(2018),6,101 min,"27,615","Comedy, Drama, Family"
tt7634968,458.,What Men Want,(2019),5.3,117 min,"27,611","Comedy, Fantasy, Romance"
tt6535880,459.,Haunt,(2019),6.2,92 min,"27,545","Horror, Thriller"
tt3089630,460.,Artemis Fowl,(2020),4.2,95 min,"27,377","Adventure, Family, Fantasy"
tt12749596,461.,Host,(2020),6.5,57 min,"27,273","Horror, Mystery"
tt7946422,462.,Prospect,(2018),6.3,100 min,"27,268","Adventure, Drama, Sci-Fi"
tt6527426,463.,Zero,(2018),5.4,164 min,"27,167","Comedy, Drama, Romance"
tt8130968,464.,Badla,(2019),7.8,118 min,"27,102","Crime, Drama, Mystery"
tt2126357,465.,Second Act,(2018),5.8,103 min,"26,902","Comedy, Drama, Romance"
tt9614460,466.,Chhapaak,(2020),5.5,120 min,"26,845","Biography, Drama"
tt6269368,467.,The Clovehitch Killer,(2018),6.5,109 min,"26,666","Crime, Drama, Mystery"
tt6285944,468.,The Banker,(2020),7.3,120 min,"26,650","Biography, Drama"
tt10161886,469.,The Prom,(2020),5.9,130 min,"26,551","Comedy, Drama, Musical"
tt2762506,470.,Bacurau,(2019),7.3,131 min,"26,384","Adventure, Mystery, Thriller"
tt7772582,471.,Never Rarely Sometimes Always,(2020),7.4,101 min,"26,324",Drama
tt0859635,472.,Super Troopers 2,(2018),6,99 min,"26,270","Comedy, Crime, Mystery"
tt6768578,473.,Dogman,(2018),7.2,103 min,"26,232","Crime, Drama, Thriller"
tt9477520,474.,Asuran,(2019),8.5,141 min,"26,116","Action, Drama"
tt7961060,475.,Dragon Ball Super: Broly,(2018),7.8,100 min,"26,115","Animation, Action, Adventure"
tt4504044,476.,The Prodigy,(2019),5.8,92 min,"26,043","Fantasy, Horror, Mystery"
tt7748244,477.,Mortal World,(2018),7.7,107 min,"26,010","Action, Comedy, Crime"
tt6288124,478.,"Don't Worry, He Won't Get Far on Foot",(2018),6.8,114 min,"25,999","Biography, Comedy, Drama"
tt10521092,479.,The Forgotten Battle,(2020),7.1,124 min,"25,972","Drama, War"
tt9252468,480.,Mosul,(2019),7.2,101 min,"25,934","Action, Drama, War"
tt4648786,481.,Harriet,(2019),6.6,125 min,"25,871","Action, Biography, Drama"
tt9072352,482.,Relic,(2020),6,89 min,"25,711","Drama, Horror, Mystery"
tt3152592,483.,Scoob!,(2020),5.6,93 min,"25,498","Animation, Adventure, Comedy"
tt6116856,484.,The Night Comes for Us,(2018),7,121 min,"25,441","Action, Thriller"
tt8851668,485.,The Lovebirds,(2020),6,86 min,"25,419","Action, Comedy, Crime"
tt5867314,486.,The Empty Man,(2020),6.2,137 min,"25,393","Horror, Mystery, Thriller"
tt6348138,487.,Missing Link,(2019),6.7,93 min,"25,380","Animation, Adventure, Comedy"
tt9354944,488.,Jexi,(2019),6,84 min,"25,355","Comedy, Romance, Sci-Fi"
tt9691136,489.,Shadow in the Cloud,(2020),4.9,83 min,"25,333","Action, Horror, War"
tt10065694,490.,Antebellum,(2020),5.7,105 min,"25,304","Drama, Horror, Mystery"
tt7329656,491.,47 Meters Down: Uncaged,(2019),5,90 min,"25,275","Adventure, Drama, Horror"
tt7218518,492.,Pad Man,(2018),7.9,140 min,"25,259","Biography, Comedy, Drama"
tt2011311,493.,The Outsider,(2018),6.2,120 min,"25,137","Action, Crime, Drama"
tt3612126,494.,The Grudge,(2020),4.3,94 min,"25,050","Fantasy, Horror"
tt6521876,495.,Jay and Silent Bob Reboot,(2019),5.6,105 min,"24,743","Action, Adventure, Comedy"
tt8266310,496.,Blinded by the Light,(2019),6.9,118 min,"24,506","Comedy, Drama, Music"
tt5316540,497.,Close,(2019),5.7,94 min,"24,359","Action, Drama, Thriller"
tt9340860,498.,Let Him Go,(2020),6.7,113 min,"24,297","Crime, Drama, Thriller"
tt10199590,499.,Les Misérables,(2019),7.6,104 min,"24,149","Crime, Drama, Thriller"
tt8652728,500.,Waves,(2019),7.5,135 min,"24,064","Drama, Romance, Sport"
