movie_id,rank,votes,title,originalTitle,year,rating,titleType,isAdult,runtime,genres
tt7286456,1,1181348,Joker,Joker,2019,8.4,movie,0,122,"Crime, Drama, Thriller"
tt4154796,2,1041596,Avengers: Endgame,Avengers: Endgame,2019,8.4,movie,0,181,"Action, Adventure, Drama"
tt4154756,3,1005381,Avengers: Infinity War,Avengers: Infinity War,2018,8.5,movie,0,149,"Action, Adventure, Sci-Fi"
tt6751668,4,736999,Parasite,Gisaengchung,2019,8.5,movie,0,132,"Comedy, Drama, Horror"
tt1825683,5,717400,Black Panther,Black Panther,2018,7.3,movie,0,134,"Action, Adventure, Sci-Fi"
tt7131622,6,684000,Once Upon a Time... In Hollywood,Once Upon a Time... in Hollywood,2019,7.6,movie,0,161,"Comedy, Drama"
tt8946378,7,586106,Knives Out,Knives Out,2019,7.9,movie,0,130,"Comedy, Crime, Drama"
tt5463162,8,550607,Deadpool 2,Deadpool 2,2018,7.7,movie,0,119,"Action, Adventure, Comedy"
tt8579674,9,545576,1917,1917,2019,8.3,movie,0,119,"Action, Drama, War"
tt4154664,10,529424,Captain Marvel,Captain Marvel,2019,6.8,movie,0,123,"Action, Adventure, Sci-Fi"
tt1727824,11,514596,Bohemian Rhapsody,Bohemian Rhapsody,2018,7.9,movie,0,134,"Biography, Drama, Music"
tt6644200,12,504654,A Quiet Place,A Quiet Place,2018,7.5,movie,0,90,"Drama, Horror, Sci-Fi"
tt4633694,13,485200,Spider-Man: Into the Spider-Verse,Spider-Man: Into the Spider-Verse,2018,8.4,movie,0,117,"Animation, Action, Adventure"
tt6723592,14,464112,Tenet,Tenet,2020,7.3,movie,0,150,"Action, Sci-Fi, Thriller"
tt1270797,15,462929,Venom,Venom,2018,6.6,movie,0,112,"Action, Adventure, Sci-Fi"
tt6966692,16,461259,Green Book,Green Book,2018,8.2,movie,0,130,"Biography, Comedy, Drama"
tt6320628,17,457855,Spider-Man: Far from Home,Spider-Man: Far from Home,2019,7.4,movie,0,129,"Action, Adventure, Sci-Fi"
tt1477834,18,440182,Aquaman,Aquaman,2018,6.8,movie,0,143,"Action, Adventure, Fantasy"
tt2527338,19,427325,Star Wars: The Rise Of Skywalker,Star Wars: Episode IX - The Rise of Skywalker,2019,6.5,movie,0,141,"Action, Adventure, Fantasy"
tt1677720,20,419272,Ready Player One,Ready Player One,2018,7.4,movie,0,140,"Action, Adventure, Sci-Fi"
tt5095030,21,376017,Ant-Man and the Wasp,Ant-Man and the Wasp,2018,7,movie,0,118,"Action, Adventure, Comedy"
tt1517451,22,371957,A Star Is Born,A Star Is Born,2018,7.6,movie,0,136,"Drama, Music, Romance"
tt1302006,23,370312,The Irishman,The Irishman,2019,7.8,movie,0,209,"Biography, Crime, Drama"
tt2584384,24,365888,Jojo Rabbit,Jojo Rabbit,2019,7.9,movie,0,108,"Comedy, Drama, War"
tt1950186,25,363949,Ford v Ferrari,Ford v Ferrari,2019,8.1,movie,0,152,"Action, Biography, Drama"
tt3778644,26,329542,Solo: A Star Wars Story,Solo: A Star Wars Story,2018,6.9,movie,0,135,"Action, Adventure, Sci-Fi"
tt6146586,27,324838,John Wick: Chapter 3 - Parabellum,John Wick: Chapter 3 - Parabellum,2019,7.4,movie,0,130,"Action, Crime, Thriller"
tt2737304,28,323774,Bird Box,Bird Box,2018,6.6,movie,0,124,"Horror, Sci-Fi"
tt4912910,29,320025,Mission: Impossible - Fallout,Mission: Impossible - Fallout,2018,7.7,movie,0,147,"Action, Adventure, Thriller"
tt0448115,30,316428,Shazam!,Shazam!,2019,7,movie,0,132,"Action, Adventure, Comedy"
tt2798920,31,311947,Annihilation,Annihilation,2018,6.8,movie,0,115,"Adventure, Drama, Horror"
tt8367814,32,310499,The Gentlemen,The Gentlemen,2019,7.8,movie,0,113,"Action, Comedy, Crime"
tt2948372,33,307116,Soul,Soul,2020,8,movie,0,100,"Animation, Adventure, Comedy"
tt4881806,34,296012,Jurassic World: Fallen Kingdom,Jurassic World: Fallen Kingdom,2018,6.2,movie,0,128,"Action, Adventure, Sci-Fi"
tt7653254,35,292873,Marriage Story,Marriage Story,2019,7.9,movie,0,137,"Drama, Romance"
tt7784604,36,290039,Hereditary,Hereditary,2018,7.3,movie,0,127,"Drama, Horror, Mystery"
tt3606756,37,283990,Incredibles 2,Incredibles 2,2018,7.6,movie,0,118,"Animation, Action, Adventure"
tt8772262,38,283901,Midsommar,Midsommar,2019,7.1,movie,0,148,"Drama, Horror, Mystery"
tt6857112,39,273545,Us,Us,2019,6.8,movie,0,116,"Horror, Mystery, Thriller"
tt5727208,40,264585,Uncut Gems,Uncut Gems,2019,7.4,movie,0,135,"Crime, Drama, Thriller"
tt4123430,41,261744,Fantastic Beasts: The Crimes of Grindelwald,Fantastic Beasts: The Crimes of Grindelwald,2018,6.5,movie,0,134,"Adventure, Family, Fantasy"
tt0437086,42,258381,Alita: Battle Angel,Alita: Battle Angel,2019,7.3,movie,0,122,"Action, Adventure, Sci-Fi"
tt6139732,43,256466,Aladdin,Aladdin,2019,6.9,movie,0,128,"Adventure, Comedy, Family"
tt7349662,44,254711,BlacKkKlansman,BlacKkKlansman,2018,7.5,movie,0,135,"Biography, Comedy, Crime"
tt7126948,45,253086,Wonder Woman 1984,Wonder Woman 1984,2020,5.4,movie,0,151,"Action, Adventure, Fantasy"
tt7349950,46,247471,It Chapter Two,It Chapter Two,2019,6.5,movie,0,169,"Drama, Fantasy, Horror"
tt1979376,47,236992,Toy Story 4,Toy Story 4,2019,7.7,movie,0,100,"Animation, Adventure, Comedy"
tt7975244,48,236833,Jumanji: The Next Level,Jumanji: The Next Level,2019,6.7,movie,0,123,"Action, Adventure, Comedy"
tt6105098,49,236470,The Lion King,The Lion King,2019,6.8,movie,0,118,"Animation, Adventure, Drama"
tt6823368,50,234302,Glass,Glass,2019,6.6,movie,0,129,"Drama, Horror, Sci-Fi"
tt2704998,51,228524,Game Night,Game Night,2018,6.9,movie,0,100,"Action, Adventure, Comedy"
tt7713068,52,227135,Birds of Prey,Birds of Prey: And the Fantabulous Emancipation of One Harley Quinn,2020,6,movie,0,109,"Action, Adventure, Comedy"
tt2935510,53,226285,Ad Astra,Ad Astra,2019,6.5,movie,0,123,"Adventure, Drama, Mystery"
tt9243946,54,221779,El Camino: A Breaking Bad Movie,El Camino: A Breaking Bad Movie,2019,7.3,movie,0,122,"Action, Crime, Drama"
tt1051906,55,215003,The Invisible Man,The Invisible Man,2020,7.1,movie,0,124,"Drama, Horror, Mystery"
tt5164214,56,211327,"Ocean's Eight","Ocean's Eight",2018,6.3,movie,0,110,"Action, Comedy, Crime"
tt1365519,57,209931,Tomb Raider,Tomb Raider,2018,6.3,movie,0,119,"Action, Adventure, Fantasy"
tt8228288,58,206614,The Platform,El hoyo,2019,7,movie,0,94,"Horror, Sci-Fi, Thriller"
tt8332922,59,204754,A Quiet Place Part II,A Quiet Place Part II,2020,7.2,movie,0,97,"Drama, Horror, Sci-Fi"
tt6806448,60,204733,Fast & Furious Presents: Hobbs & Shaw,Fast & Furious Presents: Hobbs & Shaw,2019,6.5,movie,0,137,"Action, Adventure, Thriller"
tt7984734,61,197414,The Lighthouse,The Lighthouse,2019,7.4,movie,0,109,"Drama, Fantasy, History"
tt5083738,62,194233,The Favourite,The Favourite,2018,7.5,movie,0,119,"Biography, Comedy, Drama"
tt8936646,63,191337,Extraction,Extraction,2020,6.7,movie,0,116,"Action, Thriller"
tt3281548,64,189803,Little Women,Little Women,2019,7.8,movie,0,135,"Drama, Romance"
tt1213641,65,184201,First Man,First Man,2018,7.3,movie,0,141,"Biography, Drama, History"
tt2873282,66,182154,Red Sparrow,Red Sparrow,2018,6.6,movie,0,140,"Action, Drama, Thriller"
tt5606664,67,181711,Doctor Sleep,Doctor Sleep,2019,7.3,movie,0,152,"Drama, Fantasy, Horror"
tt6499752,68,179823,Upgrade,Upgrade,2018,7.5,movie,0,100,"Action, Sci-Fi, Thriller"
tt6565702,69,179812,X-Men: Dark Phoenix,Dark Phoenix,2019,5.7,movie,0,113,"Action, Adventure, Sci-Fi"
tt3741700,70,175266,Godzilla: King of the Monsters,Godzilla: King of the Monsters,2019,6,movie,0,132,"Action, Adventure, Fantasy"
tt1560220,71,171412,Zombieland: Double Tap,Zombieland: Double Tap,2019,6.7,movie,0,99,"Action, Comedy, Horror"
tt6450804,72,171181,Terminator: Dark Fate,Terminator: Dark Fate,2019,6.2,movie,0,128,"Action, Adventure, Sci-Fi"
tt1070874,73,170272,The Trial of the Chicago 7,The Trial of the Chicago 7,2020,7.7,movie,0,129,"Drama, History, Thriller"
tt2066051,74,168393,Rocketman,Rocketman,2019,7.3,movie,0,121,"Biography, Drama, Musical"
tt8106534,75,168006,6 Underground,6 Underground,2019,6.1,movie,0,128,"Action, Thriller"
tt4779682,76,166479,The Meg,The Meg,2018,5.6,movie,0,113,"Action, Horror, Sci-Fi"
tt3104988,77,165534,Crazy Rich Asians,Crazy Rich Asians,2018,6.9,movie,0,120,"Comedy, Drama, Romance"
tt4520988,78,163942,Frozen II,Frozen II,2019,6.8,movie,0,103,"Animation, Adventure, Comedy"
tt5104604,79,162646,Isle of Dogs,Isle of Dogs,2018,7.8,movie,0,101,"Animation, Adventure, Comedy"
tt2231461,80,161967,Rampage,Rampage,2018,6.1,movie,0,107,"Action, Adventure, Sci-Fi"
tt7846844,81,160331,Enola Holmes,Enola Holmes,2020,6.6,movie,0,123,"Action, Adventure, Crime"
tt4701182,82,158965,Bumblebee,Bumblebee,2018,6.7,movie,0,114,"Action, Adventure, Sci-Fi"
tt9620292,83,158806,Promising Young Woman,Promising Young Woman,2020,7.5,movie,0,113,"Crime, Drama, Mystery"
tt7668870,84,158683,Searching,Searching,2018,7.6,movie,0,102,"Drama, Mystery, Thriller"
tt5884052,85,156606,Pokémon Detective Pikachu,Pok??mon: Detective Pikachu,2019,6.5,movie,0,104,"Action, Adventure, Comedy"
tt7556122,86,156435,The Old Guard,The Old Guard,2020,6.6,movie,0,125,"Action, Adventure, Fantasy"
tt1502397,87,155010,Bad Boys for Life,Bad Boys for Life,2020,6.5,movie,0,124,"Action, Comedy, Crime"
tt6155172,88,154266,Roma,Roma,2018,7.7,movie,0,135,Drama
tt3766354,89,153963,The Equalizer 2,The Equalizer 2,2018,6.7,movie,0,121,"Action, Crime, Thriller"
tt5848272,90,153837,Ralph Breaks the Internet,Ralph Breaks the Internet,2018,7,movie,0,112,"Animation, Adventure, Comedy"
tt9770150,91,149854,Nomadland,Nomadland,2020,7.3,movie,0,107,Drama
tt9484998,92,147934,Palm Springs,Palm Springs,2020,7.4,movie,0,90,"Comedy, Fantasy, Mystery"
tt8079248,93,147779,Yesterday,Yesterday,2019,6.8,movie,0,116,"Comedy, Fantasy, Music"
tt1502407,94,144956,Halloween,Halloween,2018,6.5,movie,0,106,"Crime, Horror, Thriller"
tt7040874,95,144838,A Simple Favor,A Simple Favor,2018,6.8,movie,0,117,"Comedy, Crime, Mystery"
tt6628394,96,144732,Bad Times at the El Royale,Bad Times at the El Royale,2018,7.1,movie,0,141,"Crime, Drama, Mystery"
tt4566758,97,143448,Mulan,Mulan,2020,5.7,movie,0,115,"Action, Adventure, Drama"
tt5052474,98,142926,Sicario: Day of the Soldado,Sicario: Day of the Soldado,2018,7.1,movie,0,122,"Action, Adventure, Crime"
tt6412452,99,141525,The Ballad of Buster Scruggs,The Ballad of Buster Scruggs,2018,7.3,movie,0,133,"Comedy, Drama, Musical"
tt10288566,100,141401,Another Round,Druk,2020,7.7,movie,0,117,"Comedy, Drama"
tt6266538,101,141293,Vice,Vice,2018,7.2,movie,0,132,"Biography, Comedy, Drama"
tt4729430,102,141063,Klaus,Klaus,2019,8.1,movie,0,96,"Animation, Adventure, Comedy"
tt7146812,103,140368,Onward,Onward,2020,7.4,movie,0,102,"Animation, Adventure, Comedy"
tt7798634,104,139883,Ready or Not,Ready or Not,2019,6.8,movie,0,95,"Action, Comedy, Horror"
tt13143964,105,136280,Borat Subsequent Moviefilm,Borat Subsequent Moviefilm: Delivery of Prodigious Bribe to American Regime for Make Benefit Once Glorious Nation of Kazakhstan,2020,6.6,movie,0,95,Comedy
tt5814060,106,136010,The Nun,The Nun,2018,5.3,movie,0,96,"Horror, Mystery, Thriller"
tt10272386,107,133029,The Father,The Father,2020,8.3,movie,0,97,"Drama, Mystery"
tt4500922,108,132950,Maze Runner: The Death Cure,Maze Runner: The Death Cure,2018,6.2,movie,0,143,"Action, Adventure, Sci-Fi"
tt7959026,109,132505,The Mule,The Mule,2018,7,movie,0,116,"Crime, Drama, Thriller"
tt2283336,110,129925,Men in Black: International,Men in Black: International,2019,5.6,movie,0,114,"Action, Adventure, Comedy"
tt2854926,111,129871,Tag,Tag,2018,6.5,movie,0,100,"Action, Comedy"
tt8110330,112,128377,Dil Bechara,Dil Bechara,2020,8.1,movie,0,101,"Comedy, Drama, Romance"
tt9893250,113,127431,I Care a Lot,I Care a Lot,2020,6.3,movie,0,118,"Comedy, Crime, Drama"
tt7395114,114,126349,The Devil All the Time,The Devil All the Time,2020,7.1,movie,0,138,"Crime, Drama, Thriller"
tt3829266,115,126291,The Predator,The Predator,2018,5.3,movie,0,107,"Action, Adventure, Sci-Fi"
tt9495224,116,123912,Black Mirror: Bandersnatch,Black Mirror: Bandersnatch,2018,7.1,movie,0,90,"Drama, Fantasy, Mystery"
tt1488606,117,123844,Triple Frontier,Triple Frontier,2019,6.4,movie,0,125,"Action, Adventure, Crime"
tt1571234,118,122747,Mortal Engines,Mortal Engines,2018,6.1,movie,0,128,"Action, Adventure, Fantasy"
tt3794354,119,122624,Sonic the Hedgehog,Sonic the Hedgehog,2020,6.5,movie,0,99,"Action, Adventure, Comedy"
tt2386490,120,122469,How to Train Your Dragon: The Hidden World,How to Train Your Dragon: The Hidden World,2019,7.4,movie,0,104,"Animation, Action, Adventure"
tt1618434,121,121536,Murder Mystery,Murder Mystery,2019,6,movie,0,97,"Action, Comedy, Crime"
tt7984766,122,120742,The King,The King,2019,7.3,movie,0,140,"Biography, Drama, History"
tt8404614,123,120708,The Two Popes,The Two Popes,2019,7.6,movie,0,125,"Biography, Comedy, Drama"
tt6343314,124,120453,Creed II,Creed II,2018,7.1,movie,0,130,"Drama, Sport"
tt2222042,125,119830,Love and Monsters,Love and Monsters,2020,6.9,movie,0,109,"Action, Adventure, Comedy"
tt5758778,126,119495,Skyscraper,Skyscraper,2018,5.8,movie,0,102,"Action, Adventure, Thriller"
tt5363618,127,118357,Sound of Metal,Sound of Metal,2019,7.7,movie,0,120,"Drama, Music"
tt5886046,128,116421,Escape Room,Escape Room,2019,6.4,movie,0,99,"Action, Adventure, Horror"
tt2557478,129,114972,Pacific Rim: Uprising,Pacific Rim: Uprising,2018,5.6,movie,0,111,"Action, Adventure, Sci-Fi"
tt1590193,130,113444,The Commuter,The Commuter,2018,6.3,movie,0,104,"Action, Mystery, Thriller"
tt1489887,131,113185,Booksmart,Booksmart,2019,7.1,movie,0,102,Comedy
tt1025100,132,111021,Gemini Man,Gemini Man,2019,5.7,movie,0,117,"Action, Adventure, Sci-Fi"
tt6394270,133,110884,Bombshell,Bombshell,2019,6.8,movie,0,109,"Biography, Drama"
tt5164432,134,110677,"Love, Simon","Love, Simon",2018,7.5,movie,0,110,"Comedy, Drama, Romance"
tt7737786,135,110507,Greenland,Greenland,2020,6.4,movie,0,119,"Action, Drama, Sci-Fi"
tt10189514,136,109678,Soorarai Pottru,Soorarai Pottru,2020,9.2,movie,0,153,Drama
tt2139881,137,108107,Long Shot,Long Shot,2019,6.8,movie,0,125,"Comedy, Romance"
tt1259528,138,107175,Den of Thieves,Den of Thieves,2018,7,movie,0,140,"Action, Crime, Drama"
tt7401588,139,103746,Instant Family,Instant Family,2018,7.3,movie,0,118,"Comedy, Drama"
tt8244784,140,103198,The Hunt,The Hunt,2020,6.5,movie,0,90,"Action, Horror, Thriller"
tt2548396,141,103194,The Cloverfield Paradox,The Cloverfield Paradox,2018,5.5,movie,0,102,"Action, Horror, Sci-Fi"
tt3846674,142,102670,"To All the Boys I've Loved Before","To All the Boys I've Loved Before",2018,7.1,movie,0,99,"Comedy, Drama, Romance"
tt4777008,143,100826,Maleficent: Mistress of Evil,Maleficent: Mistress of Evil,2019,6.6,movie,0,119,"Adventure, Family, Fantasy"
tt4530422,144,96468,Overlord,Overlord,2018,6.6,movie,0,110,"Action, Horror, Sci-Fi"
tt5503686,145,96159,Hustlers,Hustlers,2019,6.3,movie,0,110,"Comedy, Crime, Drama"
tt4218572,146,95705,Widows,Widows,2018,6.9,movie,0,129,"Crime, Drama, Thriller"
tt7886848,147,94621,Sadak 2,Sadak 2,2020,1.1,movie,0,133,"Action, Drama"
tt1206885,148,94387,Rambo: Last Blood,Rambo: Last Blood,2019,6.1,movie,0,89,"Action, Thriller"
tt6189022,149,94197,Angel Has Fallen,Angel Has Fallen,2019,6.4,movie,0,121,"Action, Thriller"
tt7752126,150,94125,Brightburn,Brightburn,2019,6.1,movie,0,90,"Drama, Horror, Mystery"
tt6048922,151,92286,Greyhound,Greyhound,2020,7,movie,0,91,"Action, Drama, History"
tt6911608,152,91819,Mamma Mia! Here We Go Again,Mamma Mia! Here We Go Again,2018,6.6,movie,0,114,"Comedy, Musical, Romance"
tt2481498,153,90956,"Extremely Wicked, Shockingly Evil and Vile","Extremely Wicked, Shockingly Evil and Vile",2019,6.7,movie,0,110,"Biography, Crime, Drama"
tt8580274,154,90903,Eurovision Song Contest: The Story of Fire Saga,Eurovision Song Contest: The Story of Fire Saga,2020,6.5,movie,0,123,"Comedy, Musical"
tt0837563,155,90745,Pet Sematary,Pet Sematary,2019,5.7,movie,0,101,"Horror, Mystery, Thriller"
tt4364194,156,89056,The Peanut Butter Falcon,The Peanut Butter Falcon,2019,7.6,movie,0,97,"Adventure, Comedy, Drama"
tt8108198,157,88813,Andhadhun,Andhadhun,2018,8.2,movie,0,139,"Comedy, Crime, Music"
tt1860242,158,88487,The Highwaymen,The Highwaymen,2019,6.9,movie,0,132,"Biography, Crime, Drama"
tt6292852,159,88485,I Am Mother,I Am Mother,2019,6.7,movie,0,113,"Drama, Mystery, Sci-Fi"
tt2274648,160,87528,Hellboy,Hellboy,2019,5.2,movie,0,120,"Action, Adventure, Fantasy"
tt4139588,161,86871,Polar,Polar,2019,6.3,movie,0,118,"Action, Crime, Drama"
tt5028340,162,86363,Mary Poppins Returns,Mary Poppins Returns,2018,6.7,movie,0,130,"Adventure, Comedy, Family"
tt8503618,163,86097,Hamilton,Hamilton,2020,8.4,movie,0,160,"Biography, Drama, History"
tt8613070,164,85302,Portrait of a Lady on Fire,Portrait de la jeune fille en feu,2019,8.1,movie,0,122,"Drama, Romance"
tt8629748,165,85130,Spenser Confidential,Spenser Confidential,2020,6.2,movie,0,111,"Action, Drama, Mystery"
tt7550000,166,84862,Project Power,Project Power,2020,6,movie,0,113,"Action, Crime, Sci-Fi"
tt8267604,167,84020,Capernaum,Capharna??m,2018,8.4,movie,0,126,Drama
tt6878306,168,83759,News of the World,News of the World,2020,6.8,movie,0,118,"Action, Adventure, Drama"
tt9071322,169,83585,Dark Waters,Dark Waters,2019,7.6,movie,0,126,"Biography, Drama, History"
tt3513548,170,83083,Richard Jewell,Richard Jewell,2019,7.5,movie,0,131,"Biography, Crime, Drama"
tt8364368,171,81900,Crawl,Crawl,2019,6.1,movie,0,87,"Action, Adventure, Horror"
tt6924650,172,81635,Midway,Midway,2019,6.7,movie,0,138,"Action, Drama, History"
tt10539608,173,81475,The Midnight Sky,The Midnight Sky,2020,5.6,movie,0,118,"Adventure, Drama, Sci-Fi"
tt3799232,174,81299,The Kissing Booth,The Kissing Booth,2018,6,movie,0,105,"Comedy, Romance"
tt7939766,175,80759,"I'm Thinking of Ending Things","I'm Thinking of Ending Things",2020,6.6,movie,0,134,"Drama, Thriller"
tt10554232,176,80600,Dara of Jasenovac,Dara iz Jasenovca,2020,8.8,movie,0,130,"Drama, War"
tt6513120,177,79199,Fighting with My Family,Fighting with My Family,2019,7.1,movie,0,108,"Biography, Comedy, Drama"
tt5774060,178,78556,Underwater,Underwater,2020,5.8,movie,0,95,"Action, Horror, Sci-Fi"
tt7456310,179,78342,Anna,Anna,2019,6.6,movie,0,118,"Action, Thriller"
tt2531344,180,78287,Blockers,Blockers,2018,6.2,movie,0,102,Comedy
tt1413492,181,77681,12 Strong,12 Strong,2018,6.5,movie,0,130,"Action, Drama, History"
tt4560436,182,77633,Mile 22,Mile 22,2018,6.1,movie,0,94,"Action, Thriller"
tt3224458,183,76423,A Beautiful Day in the Neighborhood,A Beautiful Day in the Neighborhood,2019,7.3,movie,0,109,"Biography, Drama"
tt6663582,184,76287,The Spy Who Dumped Me,The Spy Who Dumped Me,2018,6,movie,0,117,"Action, Adventure, Comedy"
tt10886166,185,76182,365 Days,365 dni,2020,3.4,movie,0,114,"Drama, Romance"
tt4575576,186,75888,Christopher Robin,Christopher Robin,2018,7.2,movie,0,104,"Adventure, Comedy, Drama"
tt8623904,187,75703,Last Christmas,Last Christmas,2019,6.5,movie,0,103,"Comedy, Drama, Fantasy"
tt1634106,188,75607,Bloodshot,Bloodshot,2020,5.7,movie,0,109,"Action, Adventure, Sci-Fi"
tt8695030,189,75331,"The Dead Don't Die","The Dead Don't Die",2019,5.4,movie,0,104,"Comedy, Fantasy, Horror"
tt5688932,190,75311,Sorry to Bother You,Sorry to Bother You,2018,6.9,movie,0,112,"Comedy, Drama, Fantasy"
tt6998518,191,75103,Mandy,Mandy,2018,6.5,movie,0,121,"Action, Fantasy, Horror"
tt4682266,192,74197,The New Mutants,The New Mutants,2020,5.3,movie,0,94,"Action, Horror, Mystery"
tt10633456,193,74176,Minari,Minari,2020,7.5,movie,0,115,Drama
tt3861390,194,73746,Dumbo,Dumbo,2019,6.3,movie,0,112,"Adventure, Family, Fantasy"
tt7014006,195,73689,Eighth Grade,Eighth Grade,2018,7.4,movie,0,93,"Comedy, Drama"
tt3387520,196,73568,Scary Stories to Tell in the Dark,Scary Stories to Tell in the Dark,2019,6.2,movie,0,108,"Adventure, Horror, Mystery"
tt1034415,197,73456,Suspiria,Suspiria,2018,6.7,movie,0,152,"Drama, Fantasy, Horror"
tt8075192,198,73451,Shoplifters,Manbiki kazoku,2018,7.9,movie,0,121,"Crime, Drama"
tt10280276,199,73194,Coolie No. 1,Coolie No. 1,2020,4.2,movie,0,134,"Action, Comedy, Romance"
tt6977338,200,72337,Good Boys,Good Boys,2019,6.7,movie,0,90,"Adventure, Comedy"
tt8350360,201,72177,Annabelle Comes Home,Annabelle Comes Home,2019,5.9,movie,0,106,"Horror, Mystery, Thriller"
tt6921996,202,72162,Johnny English Strikes Again,Johnny English Strikes Again,2018,6.2,movie,0,89,"Action, Adventure, Comedy"
tt4003440,203,72142,The House That Jack Built,The House That Jack Built,2018,6.8,movie,0,152,"Crime, Drama, Horror"
tt4532826,204,72131,Robin Hood,Robin Hood,2018,5.3,movie,0,116,"Action, Adventure, Drama"
tt2990140,205,71318,The Christmas Chronicles,The Christmas Chronicles,2018,7,movie,0,104,"Adventure, Comedy, Family"
tt1226837,206,71291,Beautiful Boy,Beautiful Boy,2018,7.3,movie,0,120,"Biography, Drama"
tt1137450,207,71262,Death Wish,Death Wish,2018,6.3,movie,0,107,"Action, Crime, Drama"
tt10618286,208,71204,Mank,Mank,2020,6.8,movie,0,131,"Biography, Comedy, Drama"
tt8155288,209,70975,Happy Death Day 2U,Happy Death Day 2U,2019,6.2,movie,0,100,"Comedy, Horror, Mystery"
tt5220122,210,70870,Hotel Transylvania 3: Summer Vacation,Hotel Transylvania 3: Summer Vacation,2018,6.3,movie,0,97,"Animation, Adventure, Comedy"
tt4332232,211,70583,Fractured,Fractured,2019,6.4,movie,0,99,Thriller
tt5033998,212,70348,"Charlie's Angels","Charlie's Angels",2019,4.9,movie,0,118,"Action, Adventure, Comedy"
tt6679794,213,69661,Outlaw King,Outlaw King,2018,6.9,movie,0,121,"Action, Biography, Drama"
tt7838252,214,69009,K.G.F: Chapter 1,K.G.F: Chapter 1,2018,8.4,movie,0,156,"Action, Crime, Drama"
tt2452244,215,68562,"Isn't It Romantic","Isn't It Romantic",2019,5.9,movie,0,89,"Comedy, Fantasy, Musical"
tt8633478,216,68000,Run,Run,2020,6.7,movie,0,90,"Mystery, Thriller"
tt2709692,217,67783,The Grinch,The Grinch,2018,6.3,movie,0,85,"Animation, Adventure, Comedy"
tt5719748,218,67503,Cold Pursuit,Cold Pursuit,2019,6.2,movie,0,119,"Action, Comedy, Crime"
tt8359848,219,64788,Climax,Climax,2018,6.9,movie,0,97,"Drama, Horror, Music"
tt4916630,220,64273,Just Mercy,Just Mercy,2019,7.6,movie,0,137,"Biography, Crime, Drama"
tt10059518,221,63979,Unhinged,Unhinged,2020,6,movie,0,90,"Action, Thriller"
tt6850820,222,63978,Peppermint,Peppermint,2018,6.5,movie,0,101,"Action, Thriller"
tt8688634,223,63915,21 Bridges,21 Bridges,2019,6.6,movie,0,99,"Action, Thriller"
tt3513498,224,63876,The Lego Movie 2: The Second Part,The Lego Movie 2: The Second Part,2019,6.6,movie,0,107,"Animation, Action, Adventure"
tt4477536,225,63751,Fifty Shades Freed,Fifty Shades Freed,2018,4.5,movie,0,105,"Drama, Romance, Thriller"
tt4971344,226,63403,The Sisters Brothers,Les fr??res Sisters,2018,6.9,movie,0,122,"Crime, Drama, Western"
tt6133466,227,62589,The First Purge,The First Purge,2018,5.2,movie,0,97,"Action, Horror, Sci-Fi"
tt9866072,228,62362,Holidate,Holidate,2020,6.1,movie,0,104,"Comedy, Romance"
tt7638348,229,62229,Boss Level,Boss Level,2020,6.8,movie,0,100,"Action, Mystery, Sci-Fi"
tt8637428,230,61933,The Farewell,The Farewell,2019,7.5,movie,0,100,"Comedy, Drama"
tt6673612,231,61875,Dolittle,Dolittle,2020,5.6,movie,0,101,"Adventure, Comedy, Family"
tt1846589,232,61722,Hunter Killer,Hunter Killer,2018,6.6,movie,0,121,"Action, Thriller"
tt7282468,233,61579,Burning,Beoning,2018,7.5,movie,0,148,"Drama, Mystery, Thriller"
tt5461944,234,61451,Hotel Mumbai,Hotel Mumbai,2018,7.6,movie,0,123,"Action, Drama, History"
tt4244998,235,61418,Alpha,Alpha,2018,6.6,movie,0,96,"Action, Adventure, Drama"
tt6472976,236,61416,Five Feet Apart,Five Feet Apart,2019,7.2,movie,0,116,"Drama, Romance"
tt9686708,237,61213,The King of Staten Island,The King of Staten Island,2020,7.1,movie,0,136,"Comedy, Drama"
tt5613484,238,61189,Mid90s,Mid90s,2018,7.3,movie,0,85,"Comedy, Drama"
tt2388771,239,61088,Mowgli: Legend of the Jungle,Mowgli,2018,6.5,movie,0,104,"Adventure, Drama, Fantasy"
tt5113040,240,59943,The Secret Life of Pets 2,The Secret Life of Pets 2,2019,6.4,movie,0,86,"Animation, Adventure, Comedy"
tt7043012,241,59841,Velvet Buzzsaw,Velvet Buzzsaw,2019,5.7,movie,0,113,"Horror, Mystery, Thriller"
tt8526872,242,59784,Dolemite Is My Name,Dolemite Is My Name,2019,7.2,movie,0,118,"Biography, Comedy, Drama"
tt5726086,243,58877,Insidious: The Last Key,Insidious: The Last Key,2018,5.7,movie,0,103,"Horror, Mystery, Thriller"
tt8291224,244,58381,Uri: The Surgical Strike,Uri: The Surgical Strike,2019,8.3,movie,0,138,"Action, Drama, History"
tt5610554,245,58052,Tully,Tully,2018,6.9,movie,0,95,"Comedy, Drama, Mystery"
tt6902676,246,57789,Guns Akimbo,Guns Akimbo,2019,6.3,movie,0,98,"Action, Comedy, Crime"
tt3892172,247,57728,Leave No Trace,Leave No Trace,2018,7.2,movie,0,109,"Adventure, Drama"
tt1298644,248,57379,The Hustle,The Hustle,2019,5.4,movie,0,93,"Comedy, Crime"
tt6742252,249,57129,The Guilty,Den skyldige,2018,7.5,movie,0,85,"Crime, Drama, Thriller"
tt10350922,250,56703,Laxmii,Laxmii,2020,2.7,movie,0,141,"Action, Comedy, Horror"
tt8291806,251,56650,Pain and Glory,Dolor y gloria,2019,7.5,movie,0,113,Drama
tt6543652,252,55594,Cold War,Zimna wojna,2018,7.5,movie,0,89,"Drama, History, Music"
tt0385887,253,55521,Motherless Brooklyn,Motherless Brooklyn,2019,6.8,movie,0,144,"Crime, Drama, Mystery"
tt6475714,254,55301,Monster Hunter,Monster Hunter,2020,5.2,movie,0,103,"Action, Adventure, Fantasy"
tt7668842,255,55083,Enes Batur,Enes Batur Hayal mi Ger??ek mi?,2018,4.7,movie,0,110,Comedy
tt6306064,256,55066,Adrift,Adrift,2018,6.6,movie,0,96,"Action, Adventure, Biography"
tt7825208,257,54748,Marighella,Marighella,2019,6.6,movie,0,155,"Action, Drama, History"
tt7374948,258,54665,Always Be My Maybe,Always Be My Maybe,2019,6.8,movie,0,101,"Comedy, Romance"
tt8368406,259,54375,Vivarium,Vivarium,2019,5.8,movie,0,97,"Horror, Mystery, Sci-Fi"
tt6772950,260,54341,Truth or Dare,Truth or Dare,2018,5.2,movie,0,100,"Horror, Thriller"
tt4687108,261,54245,In the Tall Grass,In the Tall Grass,2019,5.4,movie,0,101,"Horror, Mystery, Sci-Fi"
tt8368512,262,53839,The Courier,The Courier,2020,7.2,movie,0,112,"Drama, History, Thriller"
tt5968394,263,53830,Captive State,Captive State,2019,6,movie,0,109,"Action, Horror, Sci-Fi"
tt10919380,264,53427,Freaky,Freaky,2020,6.3,movie,0,102,"Comedy, Horror, Thriller"
tt6791096,265,53178,I Feel Pretty,I Feel Pretty,2018,5.6,movie,0,110,"Comedy, Romance"
tt6908274,266,53091,Mirage,Durante la tormenta,2018,7.4,movie,0,128,"Drama, Fantasy, Mystery"
tt6452574,267,52923,Sanju,Sanju,2018,7.8,movie,0,155,"Biography, Comedy, Drama"
tt8784956,268,52822,Ava,Ava,2020,5.4,movie,0,96,"Action, Thriller"
tt5834262,269,52501,Hotel Artemis,Hotel Artemis,2018,6,movie,0,94,"Action, Crime, Drama"
tt3201640,270,52112,Extinction,Extinction,2018,5.8,movie,0,95,"Action, Drama, Sci-Fi"
tt4463894,271,51984,Shaft,Shaft,2019,6.4,movie,0,111,"Action, Comedy, Crime"
tt7958736,272,51972,Ma,Ma,2019,5.6,movie,0,99,"Horror, Mystery, Thriller"
tt6398184,273,51864,Downton Abbey,Downton Abbey,2019,7.4,movie,0,122,"Drama, Romance"
tt4126476,274,51830,After,After,2019,5.4,movie,0,105,"Drama, Romance"
tt11032374,275,51563,Demon Slayer the Movie: Mugen Train,Kimetsu no Yaiba: Mugen Ressha-Hen,2020,8.2,movie,0,117,"Animation, Action, Adventure"
tt4595882,276,51370,Can You Ever Forgive Me?,Can You Ever Forgive Me?,2018,7.1,movie,0,106,"Biography, Comedy, Crime"
tt6820256,277,51032,Arctic,Arctic,2018,6.8,movie,0,98,"Adventure, Drama"
tt6217306,278,50934,Apostle,Apostle,2018,6.3,movie,0,130,"Drama, Fantasy, Horror"
tt2119543,279,50836,The House with a Clock in Its Walls,The House with a Clock in Its Walls,2018,6,movie,0,105,"Comedy, Family, Fantasy"
tt8110640,280,50810,In the Shadow of the Moon,In the Shadow of the Moon,2019,6.2,movie,0,115,"Crime, Mystery, Sci-Fi"
tt5246700,281,50679,How It Ends,How It Ends,2018,5,movie,0,113,"Action, Drama, Mystery"
tt8663516,282,50597,"Child's Play","Child's Play",2019,5.7,movie,0,90,"Drama, Horror, Sci-Fi"
tt5304992,283,50358,Set It Up,Set It Up,2018,6.5,movie,0,105,"Comedy, Romance"
tt10514222,284,50242,"Ma Rainey's Black Bottom","Ma Rainey's Black Bottom",2020,6.9,movie,0,94,"Drama, Music"
tt9777644,285,50124,Da 5 Bloods,Da 5 Bloods,2020,6.5,movie,0,154,"Adventure, Drama, War"
tt5865326,286,49971,The Laundromat,The Laundromat,2019,6.3,movie,0,96,"Comedy, Crime, Drama"
tt5697572,287,49831,Cats,Cats,2019,2.8,movie,0,110,"Comedy, Drama, Family"
tt0983946,288,49703,Fantasy Island,Fantasy Island,2020,4.9,movie,0,109,"Fantasy, Horror, Mystery"
tt9052870,289,49614,Chhichhore,Chhichhore,2019,8.3,movie,0,143,"Comedy, Drama, Romance"
tt7549996,290,49373,Judy,Judy,2019,6.8,movie,0,118,"Biography, Drama, Romance"
tt2328900,291,49198,Mary Queen of Scots,Mary Queen of Scots,2018,6.3,movie,0,124,"Biography, Drama, History"
tt9214832,292,48548,Emma.,Emma.,2020,6.7,movie,0,124,"Comedy, Drama, Romance"
tt4913966,293,48360,The Curse of La Llorona,The Curse of La Llorona,2019,5.2,movie,0,93,"Horror, Mystery, Thriller"
tt5783956,294,48129,When We First Met,When We First Met,2018,6.4,movie,0,97,"Comedy, Fantasy, Romance"
tt1838556,295,47985,Honest Thief,Honest Thief,2020,6,movie,0,99,"Action, Crime, Drama"
tt7125860,296,47959,If Beale Street Could Talk,If Beale Street Could Talk,2018,7.1,movie,0,119,"Drama, Romance"
tt11161474,297,47761,Pieces of a Woman,Pieces of a Woman,2020,7,movie,0,126,Drama
tt10682266,298,47563,Hubie Halloween,Hubie Halloween,2020,5.2,movie,0,103,"Comedy, Mystery"
tt0800325,299,47412,The Dirt,The Dirt,2019,7,movie,0,107,"Biography, Comedy, Drama"
tt7504726,300,47235,The Call of the Wild,The Call of the Wild,2020,6.7,movie,0,100,"Adventure, Drama, Family"
tt5177088,301,46960,"The Girl in the Spider's Web","The Girl in the Spider's Web",2018,6.1,movie,0,115,"Action, Crime, Drama"
tt6079516,302,46834,I See You,I See You,2019,6.8,movie,0,98,"Crime, Drama, Horror"
tt10431500,303,46760,Miracle in Cell No. 7,Yedinci Kogustaki Mucize,2019,8.2,movie,0,132,Drama
tt5116302,304,46750,Togo,Togo,2019,7.9,movie,0,113,"Adventure, Biography, Drama"
tt7734218,305,46417,Stuber,Stuber,2019,6.1,movie,0,93,"Action, Comedy, Crime"
tt5814534,306,46412,Spies in Disguise,Spies in Disguise,2019,6.8,movie,0,102,"Animation, Action, Adventure"
tt7431594,307,45943,Race 3,Race 3,2018,2.1,movie,0,160,"Action, Crime, Thriller"
tt5431890,308,45739,Official Secrets,Official Secrets,2019,7.3,movie,0,112,"Biography, Crime, Drama"
tt7153766,309,45489,Unsane,Unsane,2018,6.4,movie,0,98,"Drama, Horror, Mystery"
tt2837574,310,45039,The Old Man & the Gun,The Old Man & the Gun,2018,6.7,movie,0,93,"Biography, Comedy, Crime"
tt5073642,311,45020,Color Out of Space,Color Out of Space,2019,6.1,movie,0,111,"Horror, Mystery, Sci-Fi"
tt6491178,312,44805,Dragged Across Concrete,Dragged Across Concrete,2018,6.9,movie,0,159,"Action, Crime, Drama"
tt1289403,313,44770,The Guernsey Literary and Potato Peel Pie Society,The Guernsey Literary and Potato Peel Pie Society,2018,7.3,movie,0,124,"Drama, Romance, War"
tt11655202,314,44526,Riders of Justice,Retf??rdighedens ryttere,2020,7.5,movie,0,116,"Action, Comedy, Drama"
tt1620680,315,44397,A Wrinkle in Time,A Wrinkle in Time,2018,4.2,movie,0,109,"Adventure, Family, Fantasy"
tt7347846,316,44358,The Lodge,The Lodge,2019,6,movie,0,108,"Drama, Horror, Mystery"
tt5932728,317,44346,The Professor and the Madman,The Professor and the Madman,2019,7.2,movie,0,124,"Biography, Drama, History"
tt1086064,318,44328,Bill & Ted Face the Music,Bill & Ted Face the Music,2020,5.9,movie,0,91,"Adventure, Comedy, Music"
tt8544498,319,44146,The Way Back,The Way Back,2020,6.7,movie,0,108,"Drama, Sport"
tt7315484,320,44057,The Silence,The Silence,2019,5.3,movie,0,90,"Drama, Horror, Sci-Fi"
tt6212478,321,43817,American Animals,American Animals,2018,7,movie,0,116,"Biography, Crime, Drama"
tt5397194,322,43347,Anon,Anon,2018,6.1,movie,0,100,"Crime, Sci-Fi, Thriller"
tt7139936,323,41869,A Rainy Day in New York,A Rainy Day in New York,2019,6.5,movie,0,92,"Comedy, Romance"
tt7772580,324,41862,The Perfection,The Perfection,2018,6.1,movie,0,90,"Drama, Horror, Music"
tt5117670,325,41808,Peter Rabbit,Peter Rabbit,2018,6.6,movie,0,95,"Animation, Adventure, Comedy"
tt7985648,326,41797,The Legend of Tomiris,Tomiris,2019,6.3,movie,0,156,"Action, Drama, History"
tt8236336,327,41574,The Report,The Report,2019,7.2,movie,0,119,"Biography, Crime, Drama"
tt8239946,328,41307,Tumbbad,Tumbbad,2018,8.2,movie,0,104,"Drama, Fantasy, Horror"
tt5208252,329,41239,Operation Finale,Operation Finale,2018,6.6,movie,0,122,"Biography, Drama, History"
tt9731534,330,41109,The Night House,The Night House,2020,6.5,movie,0,107,"Horror, Mystery, Thriller"
tt6772802,331,41032,Hillbilly Elegy,Hillbilly Elegy,2020,6.7,movie,0,116,Drama
tt5691670,332,40713,Under the Silver Lake,Under the Silver Lake,2018,6.5,movie,0,139,"Crime, Drama, Mystery"
tt2235695,333,40414,Rebecca,Rebecca,2020,6,movie,0,123,"Drama, Mystery, Romance"
tt6476140,334,40385,Serenity,Serenity,2019,5.3,movie,0,106,"Drama, Mystery, Thriller"
tt2850386,335,40065,The Croods: A New Age,The Croods: A New Age,2020,6.9,movie,0,95,"Animation, Adventure, Comedy"
tt6781982,336,40020,Night School,Night School,2018,5.6,movie,0,111,Comedy
tt5563334,337,39588,The Good Liar,The Good Liar,2019,6.7,movie,0,109,"Crime, Drama, Mystery"
tt3361792,338,39286,Tolkien,Tolkien,2019,6.8,movie,0,112,"Biography, Drama, Romance"
tt8206668,339,39200,Bad Education,Bad Education,2019,7.1,movie,0,108,"Biography, Comedy, Crime"
tt5774450,340,39166,Summer of 84,Summer of 84,2018,6.7,movie,0,105,"Drama, Horror, Mystery"
tt7060344,341,39118,Raatchasan,Ratsasan,2018,8.4,movie,0,170,"Crime, Drama, Mystery"
tt6259380,342,39115,Code 8,Code 8,2019,6.1,movie,0,98,"Action, Crime, Drama"
tt8508734,343,38685,His House,His House,2020,6.5,movie,0,93,"Drama, Horror, Thriller"
tt6182908,344,38670,Smallfoot,Smallfoot,2018,6.6,movie,0,96,"Animation, Adventure, Comedy"
tt3120280,345,38464,Sierra Burgess Is a Loser,Sierra Burgess Is a Loser,2018,5.8,movie,0,105,"Comedy, Drama, Romance"
tt9619798,346,38448,The Wrong Missy,The Wrong Missy,2020,5.7,movie,0,90,"Comedy, Romance"
tt8201170,347,38125,The Perfect Date,The Perfect Date,2019,5.8,movie,0,89,"Comedy, Romance"
tt7212754,348,38049,Ludo,Ludo,2020,7.6,movie,0,150,"Action, Comedy, Crime"
tt2395469,349,38038,Gully Boy,Gully Boy,2019,8,movie,0,154,"Drama, Music, Romance"
tt0805647,350,38037,The Witches,The Witches,2020,5.3,movie,0,106,"Adventure, Comedy, Family"
tt1563742,351,37908,Overboard,Overboard,2018,6,movie,0,112,"Comedy, Romance"
tt7008872,352,37800,Boy Erased,Boy Erased,2018,6.9,movie,0,115,"Biography, Drama"
tt4154916,353,37780,Replicas,Replicas,2018,5.4,movie,0,107,"Drama, Sci-Fi, Thriller"
tt6803046,354,37632,The Vast of Night,The Vast of Night,2019,6.7,movie,0,91,"Drama, Mystery, Sci-Fi"
tt1620981,355,37378,The Addams Family,The Addams Family,2019,5.8,movie,0,86,"Animation, Comedy, Family"
tt6324278,356,37306,Abominable,Abominable,2019,7,movie,0,97,"Animation, Adventure, Comedy"
tt11024272,357,37135,The Babysitter: Killer Queen,The Babysitter: Killer Queen,2020,5.8,movie,0,101,"Comedy, Horror"
tt8522006,358,37080,Happiest Season,Happiest Season,2020,6.6,movie,0,102,"Comedy, Crime, Drama"
tt10620868,359,36955,#Alive,#Saraitda,2020,6.3,movie,0,98,"Action, Drama, Horror"
tt9354842,360,36932,To All the Boys: P.S. I Still Love You,To All the Boys: P.S. I Still Love You,2020,6,movie,0,101,"Comedy, Drama, Romance"
tt3385524,361,36788,Stan & Ollie,Stan & Ollie,2018,7.2,movie,0,98,"Biography, Comedy, Drama"
tt5619332,362,36784,Life of the Party,Life of the Party,2018,5.5,movie,0,105,Comedy
tt5057140,363,36680,Hold the Dark,Hold the Dark,2018,5.6,movie,0,125,"Action, Drama, Thriller"
tt4537896,364,36580,White Boy Rick,White Boy Rick,2018,6.5,movie,0,111,"Crime, Drama"
tt7339248,365,36574,The Art of Self-Defense,The Art of Self-Defense,2019,6.6,movie,0,104,"Action, Comedy, Crime"
tt7533152,366,36558,The Boy Who Harnessed the Wind,The Boy Who Harnessed the Wind,2019,7.6,movie,0,113,"Biography, Drama, History"
tt6107548,367,36387,Late Night,Late Night,2019,6.5,movie,0,102,"Comedy, Drama"
tt9426210,368,36373,Weathering with You,Tenki no ko,2019,7.5,movie,0,112,"Animation, Drama, Fantasy"
tt10039344,369,36044,Countdown,Countdown,2019,5.4,movie,0,90,"Horror, Thriller"
tt6697582,370,35972,Arif V 216,Arif V 216,2018,7.1,movie,0,125,"Comedy, Fantasy, Music"
tt8151874,371,35970,Honey Boy,Honey Boy,2019,7.2,movie,0,94,Drama
tt1255919,372,35877,Holmes & Watson,Holmes & Watson,2018,3.9,movie,0,90,"Comedy, Crime, Mystery"
tt5580266,373,35437,The Hate U Give,The Hate U Give,2018,7.4,movie,0,133,"Crime, Drama"
tt5001754,374,35371,Braven,Braven,2018,5.9,movie,0,94,"Action, Thriller"
tt9683478,375,35344,The Half of It,The Half of It,2020,6.9,movie,0,104,"Comedy, Drama, Romance"
tt1464763,376,34712,Mute,Mute,2018,5.4,movie,0,126,"Mystery, Sci-Fi, Thriller"
tt4827558,377,34423,High Life,High Life,2018,5.8,movie,0,113,"Adventure, Drama, Horror"
tt10350626,378,34403,Gunjan Saxena: The Kargil Girl,Gunjan Saxena: The Kargil Girl,2020,5.7,movie,0,112,"Action, Biography, Drama"
tt5797184,379,34382,Escape from Pretoria,Escape from Pretoria,2020,6.8,movie,0,106,"Crime, Mystery, Thriller"
tt5294518,380,34370,Eli,Eli,2019,5.8,movie,0,98,"Drama, Horror, Mystery"
tt6938828,381,34017,"At Eternity's Gate","At Eternity's Gate",2018,6.9,movie,0,111,"Biography, Drama, History"
tt4964788,382,33948,Everybody Knows,Todos lo saben,2018,6.9,movie,0,133,"Crime, Drama, Mystery"
tt7608028,383,33921,The Open House,The Open House,2018,3.2,movie,0,94,"Horror, Thriller"
tt3256226,384,33890,IO,IO,2019,4.7,movie,0,96,"Adventure, Drama, Sci-Fi"
tt8781414,385,33867,Freaks,Freaks,2018,6.7,movie,0,105,"Drama, Mystery, Sci-Fi"
tt1833116,386,33807,The Informer,The Informer,2019,6.6,movie,0,113,"Action, Crime, Drama"
tt4669788,387,33614,On the Basis of Sex,On the Basis of Sex,2018,7.1,movie,0,120,"Biography, Drama"
tt1072748,388,33565,Winchester,Winchester,2018,5.4,movie,0,99,"Drama, Fantasy, Horror"
tt7725596,389,33393,Badhaai Ho,Badhaai ho,2018,8,movie,0,124,"Comedy, Drama"
tt5690360,390,33275,Slender Man,Slender Man,2018,3.2,movie,0,93,"Horror, Mystery, Thriller"
tt7280898,391,33162,22 July,22-Jul,2018,6.8,movie,0,143,"Crime, Drama, History"
tt4878482,392,33126,"Dumplin'","Dumplin'",2018,6.5,movie,0,110,"Comedy, Drama"
tt8108202,393,33004,Stree,Stree,2018,7.6,movie,0,128,"Comedy, Horror"
tt5523010,394,32970,The Nutcracker and the Four Realms,The Nutcracker and the Four Realms,2018,5.5,movie,0,99,"Adventure, Family, Fantasy"
tt2639336,395,32884,Greta,Greta,2018,6,movie,0,98,"Drama, Mystery, Thriller"
tt5918982,396,32859,Possessor,Possessor,2020,6.5,movie,0,103,"Horror, Mystery, Sci-Fi"
tt10964430,397,32632,Thappad,Thappad,2020,7.3,movie,0,142,Drama
tt6802308,398,32627,The 15:17 to Paris,The 15:17 to Paris,2018,5.3,movie,0,94,"Biography, Drama, Thriller"
tt7557108,399,32496,Saint Maud,Saint Maud,2019,6.7,movie,0,84,"Drama, Horror, Mystery"
tt6141246,400,32402,The Aeronauts,The Aeronauts,2019,6.6,movie,0,100,"Action, Adventure, Drama"
tt10324144,401,32299,Article 15,Article 15,2019,8.2,movie,0,130,"Crime, Drama, Mystery"
tt4761916,402,32066,Unfriended: Dark Web,Unfriended: Dark Web,2018,6,movie,0,92,"Horror, Mystery, Thriller"
tt9806192,404,31802,I Lost My Body,"J'ai perdu mon corps",2019,7.5,movie,0,81,"Animation, Drama, Fantasy"
tt4073790,405,31687,The Darkest Minds,The Darkest Minds,2018,5.7,movie,0,104,"Action, Adventure, Drama"
tt3833480,406,31679,The Outpost,The Outpost,2019,6.8,movie,0,123,"Action, Drama, History"
tt9398640,407,31481,Between Two Ferns: The Movie,Between Two Ferns: The Movie,2019,6.1,movie,0,82,Comedy
tt8633462,408,31458,"Quo Vadis, Aida?","Quo vadis, Aida?",2020,8.1,movie,0,101,"Drama, History, War"
tt6513656,409,31319,Escape Plan 2: Hades,Escape Plan 2: Hades,2018,3.8,movie,0,96,"Action, Crime, Mystery"
tt8983202,410,31265,Kabir Singh,Kabir Singh,2019,7.1,movie,0,173,"Action, Drama, Romance"
tt5935704,411,31251,Padmaavat,Padmaavat,2018,7.1,movie,0,164,"Drama, History, Romance"
tt10612922,412,31183,One Night in Miami...,One Night in Miami...,2020,7.1,movie,0,114,Drama
tt8850222,413,31112,Peninsula,Bando,2020,5.5,movie,0,116,"Action, Horror, Thriller"
tt2076298,414,31026,Ip Man 4: The Finale,Yip Man 4,2019,7,movie,0,107,"Action, Biography, Drama"
tt9606374,415,31004,On the Rocks,On the Rocks,2020,6.4,movie,0,96,"Comedy, Drama, Romance"
tt8361028,416,30984,Cam,Cam,2018,5.9,movie,0,94,"Drama, Horror, Mystery"
tt4986098,417,30969,The Titan,The Titan,2018,4.8,movie,0,97,"Drama, Mystery, Romance"
tt4357394,418,30824,Tau,Tau,2018,5.8,movie,0,97,"Sci-Fi, Thriller"
tt7721800,419,30589,Bharat,Bharat,2019,5,movie,0,150,"Action, Comedy, Drama"
tt8722346,420,30536,Queen & Slim,Queen & Slim,2019,7.1,movie,0,132,"Crime, Drama, Romance"
tt1285009,421,30483,The Strangers: Prey at Night,The Strangers: Prey at Night,2018,5.2,movie,0,85,Horror
tt7242142,422,30398,Blindspotting,Blindspotting,2018,7.4,movie,0,95,"Comedy, Crime, Drama"
tt6865690,423,30363,The Professor,The Professor,2018,6.7,movie,0,90,"Comedy, Drama"
tt6195094,424,30154,Incident in a Ghostland,Ghostland,2018,6.4,movie,0,91,"Drama, Horror, Mystery"
tt9196192,425,30147,Cuties,Mignonnes,2020,3.4,movie,0,96,Drama
tt9784456,426,30092,The Kissing Booth 2,The Kissing Booth 2,2020,5.7,movie,0,134,"Comedy, Romance"
tt5198068,427,30071,Wolfwalkers,WolfWalkers,2020,8,movie,0,103,"Animation, Adventure, Family"
tt1478839,428,30040,The Art of Racing in the Rain,The Art of Racing in the Rain,2019,7.5,movie,0,109,"Comedy, Drama, Romance"
tt7547410,429,29988,Dora and the Lost City of Gold,Dora and the Lost City of Gold,2019,6.1,movie,0,102,"Action, Adventure, Comedy"
tt7605074,430,29979,The Wandering Earth,Liu lang di qiu,2019,5.9,movie,0,125,"Action, Adventure, Sci-Fi"
tt9086228,431,29897,Gretel & Hansel,Gretel & Hansel,2020,5.4,movie,0,87,"Fantasy, Horror, Mystery"
tt4799066,432,29886,Midnight Sun,Midnight Sun,2018,6.6,movie,0,91,"Drama, Romance"
tt7098658,433,29813,Raazi,Raazi,2018,7.8,movie,0,138,"Action, Drama, Thriller"
tt7485048,434,29772,Super 30,Super 30,2019,8,movie,0,154,"Biography, Drama"
tt3317234,435,29710,"Game Over, Man!","Game Over, Man!",2018,5.4,movie,0,101,"Action, Comedy"
tt3721964,436,29679,Gringo,Gringo,2018,6.1,movie,0,111,"Action, Comedy, Crime"
tt8242084,437,29460,My Spy,My Spy,2020,6.3,movie,0,99,"Action, Comedy"
tt10530176,438,29421,The Call,Kol,2020,7.1,movie,0,112,"Crime, Horror, Mystery"
tt3907584,439,29379,All the Bright Places,All the Bright Places,2020,6.5,movie,0,107,"Drama, Romance"
tt10362466,440,29309,After We Collided,After We Collided,2020,5.2,movie,0,105,"Drama, Romance"
tt11057644,441,29227,The Christmas Chronicles: Part Two,The Christmas Chronicles: Part Two,2020,6,movie,0,112,"Adventure, Comedy, Family"
tt7137380,442,28953,Destroyer,Destroyer,2018,6.2,movie,0,121,"Action, Crime, Drama"
tt6987770,443,28858,Destination Wedding,Destination Wedding,2018,6,movie,0,87,"Comedy, Drama, Romance"
tt5501104,444,28807,Border,Gr??ns,2018,7,movie,0,110,"Crime, Drama, Fantasy"
tt4068576,445,28713,The Nightingale,The Nightingale,2018,7.3,movie,0,136,"Adventure, Drama, Thriller"
tt10003008,446,28587,The Rental,The Rental,2020,5.7,movie,0,88,"Drama, Horror, Mystery"
tt8108274,447,28526,Tanhaji: The Unsung Warrior,Tanhaji: The Unsung Warrior,2020,7.6,movie,0,135,"Action, Biography, Drama"
tt4995776,448,28473,The Red Sea Diving Resort,Operation Brothers,2019,6.6,movie,0,129,"Drama, History, Thriller"
tt9016974,449,28472,Synchronic,Synchronic,2019,6.2,movie,0,102,"Drama, Horror, Mystery"
tt7019842,450,28423,96,96,2018,8.5,movie,0,158,"Drama, Romance"
tt5929754,451,28319,Wildlife,Wildlife,2018,6.8,movie,0,105,Drama
tt6218358,452,27986,Calibre,Calibre,2018,6.8,movie,0,101,"Drama, Thriller"
tt6095472,453,27931,The Angry Birds Movie 2,The Angry Birds Movie 2,2019,6.4,movie,0,97,"Animation, Action, Adventure"
tt6436726,454,27875,7500,7500,2019,6.3,movie,0,93,"Action, Drama, Thriller"
tt6857166,455,27780,Book Club,Book Club,2018,6.1,movie,0,104,"Comedy, Drama, Romance"
tt1308728,456,27690,The Happytime Murders,The Happytime Murders,2018,5.4,movie,0,91,"Action, Comedy, Crime"
tt8954732,457,27612,The Princess Switch,The Princess Switch,2018,6,movie,0,101,"Comedy, Drama, Family"
tt7634968,458,27610,What Men Want,What Men Want,2019,5.3,movie,0,117,"Comedy, Fantasy, Romance"
tt6535880,459,27539,Haunt,Haunt,2019,6.2,movie,0,92,"Horror, Thriller"
tt3089630,460,27367,Artemis Fowl,Artemis Fowl,2020,4.2,movie,0,95,"Adventure, Family, Fantasy"
tt7946422,461,27260,Prospect,Prospect,2018,6.3,movie,0,100,"Adventure, Drama, Sci-Fi"
tt12749596,462,27260,Host,Host,2020,6.5,movie,0,57,"Horror, Mystery"
tt6527426,463,27165,Zero,Zero,2018,5.4,movie,0,164,"Comedy, Drama, Romance"
tt8130968,464,27097,Badla,Badla,2019,7.8,movie,0,118,"Crime, Drama, Mystery"
tt2126357,465,26900,Second Act,Second Act,2018,5.8,movie,0,103,"Comedy, Drama, Romance"
tt9614460,466,26844,Chhapaak,Chhapaak,2020,5.5,movie,0,120,"Biography, Drama"
tt6269368,467,26643,The Clovehitch Killer,The Clovehitch Killer,2018,6.5,movie,0,109,"Crime, Drama, Mystery"
tt6285944,468,26642,The Banker,The Banker,2020,7.3,movie,0,120,"Biography, Drama"
tt10161886,469,26548,The Prom,The Prom,2020,5.9,movie,0,130,"Comedy, Drama, Musical"
tt2762506,470,26375,Bacurau,Bacurau,2019,7.3,movie,0,131,"Adventure, Mystery, Thriller"
tt7772582,471,26311,Never Rarely Sometimes Always,Never Rarely Sometimes Always,2020,7.4,movie,0,101,Drama
tt0859635,472,26267,Super Troopers 2,Super Troopers 2,2018,6,movie,0,99,"Comedy, Crime, Mystery"
tt6768578,473,26230,Dogman,Dogman,2018,7.2,movie,0,103,"Crime, Drama, Thriller"
tt7961060,474,26109,Dragon Ball Super: Broly,Doragon b??ru ch??: Buror??,2018,7.8,movie,0,100,"Animation, Action, Adventure"
tt9477520,475,26104,Asuran,Asuran,2019,8.5,movie,0,141,"Action, Drama"
tt4504044,476,26042,The Prodigy,The Prodigy,2019,5.8,movie,0,92,"Fantasy, Horror, Mystery"
tt7748244,477,26002,Mortal World,??l??ml?? D??nya,2018,7.7,movie,0,107,"Action, Comedy, Crime"
tt6288124,478,25996,"Don't Worry, He Won't Get Far on Foot","Don't Worry, He Won't Get Far on Foot",2018,6.8,movie,0,114,"Biography, Comedy, Drama"
tt9252468,480,25931,Mosul,Mosul,2019,7.2,movie,0,101,"Action, Drama, War"
tt4648786,481,25863,Harriet,Harriet,2019,6.6,movie,0,125,"Action, Biography, Drama"
tt9072352,482,25702,Relic,Relic,2020,6,movie,0,89,"Drama, Horror, Mystery"
tt3152592,483,25492,Scoob!,Scoob!,2020,5.6,movie,0,93,"Animation, Adventure, Comedy"
tt6116856,484,25433,The Night Comes for Us,The Night Comes for Us,2018,7,movie,0,121,"Action, Thriller"
tt8851668,485,25414,The Lovebirds,The Lovebirds,2020,6,movie,0,86,"Action, Comedy, Crime"
tt6348138,487,25377,Missing Link,Missing Link,2019,6.7,movie,0,93,"Animation, Adventure, Comedy"
tt9354944,488,25350,Jexi,Jexi,2019,6,movie,0,84,"Comedy, Romance, Sci-Fi"
tt10065694,490,25295,Antebellum,Antebellum,2020,5.7,movie,0,105,"Drama, Horror, Mystery"
tt7329656,491,25266,47 Meters Down: Uncaged,47 Meters Down: Uncaged,2019,5,movie,0,90,"Adventure, Drama, Horror"
tt7218518,492,25253,Pad Man,Padman,2018,7.9,movie,0,140,"Biography, Comedy, Drama"
tt2011311,493,25126,The Outsider,The Outsider,2018,6.2,movie,0,120,"Action, Crime, Drama"
tt3612126,494,25047,The Grudge,The Grudge,2020,4.3,movie,0,94,"Fantasy, Horror"
tt6521876,495,24735,Jay and Silent Bob Reboot,Jay and Silent Bob Reboot,2019,5.6,movie,0,105,"Action, Adventure, Comedy"
tt8266310,496,24493,Blinded by the Light,Blinded by the Light,2019,6.9,movie,0,118,"Comedy, Drama, Music"
tt5316540,497,24351,Close,Close,2019,5.7,movie,0,94,"Action, Drama, Thriller"
tt10199590,499,24137,Les Misérables,Les mis??rables,2019,7.6,movie,0,104,"Crime, Drama, Thriller"
